reference,position,total_coverage
NZ_MT874924.1,1,79
NZ_MT874924.1,2,79
NZ_MT874924.1,3,79
NZ_MT874924.1,4,79
NZ_MT874924.1,5,81
NZ_MT874924.1,6,84
NZ_MT874924.1,7,85
NZ_MT874924.1,8,85
NZ_MT874924.1,9,85
NZ_MT874924.1,10,85
NZ_MT874924.1,11,85
NZ_MT874924.1,12,86
NZ_MT874924.1,13,86
NZ_MT874924.1,14,86
NZ_MT874924.1,15,86
NZ_MT874924.1,16,86
NZ_MT874924.1,17,89
NZ_MT874924.1,18,90
NZ_MT874924.1,19,90
NZ_MT874924.1,20,90
NZ_MT874924.1,21,91
NZ_MT874924.1,22,91
NZ_MT874924.1,23,91
NZ_MT874924.1,24,91
NZ_MT874924.1,25,91
NZ_MT874924.1,26,92
NZ_MT874924.1,27,92
NZ_MT874924.1,28,92
NZ_MT874924.1,29,92
NZ_MT874924.1,30,92
NZ_MT874924.1,31,92
NZ_MT874924.1,32,92
NZ_MT874924.1,33,92
NZ_MT874924.1,34,92
NZ_MT874924.1,35,92
NZ_MT874924.1,36,92
NZ_MT874924.1,37,92
NZ_MT874924.1,38,92
NZ_MT874924.1,39,112
NZ_MT874924.1,40,122
NZ_MT874924.1,41,125
NZ_MT874924.1,42,125
NZ_MT874924.1,43,125
NZ_MT874924.1,44,125
NZ_MT874924.1,45,125
NZ_MT874924.1,46,125
NZ_MT874924.1,47,125
NZ_MT874924.1,48,125
NZ_MT874924.1,49,125
NZ_MT874924.1,50,125
NZ_MT874924.1,51,125
NZ_MT874924.1,52,125
NZ_MT874924.1,53,126
NZ_MT874924.1,54,127
NZ_MT874924.1,55,127
NZ_MT874924.1,56,127
NZ_MT874924.1,57,127
NZ_MT874924.1,58,127
NZ_MT874924.1,59,127
NZ_MT874924.1,60,127
NZ_MT874924.1,61,127
NZ_MT874924.1,62,127
NZ_MT874924.1,63,127
NZ_MT874924.1,64,127
NZ_MT874924.1,65,127
NZ_MT874924.1,66,127
NZ_MT874924.1,67,127
NZ_MT874924.1,68,127
NZ_MT874924.1,69,127
NZ_MT874924.1,70,127
NZ_MT874924.1,71,127
NZ_MT874924.1,72,127
NZ_MT874924.1,73,127
NZ_MT874924.1,74,127
NZ_MT874924.1,75,127
NZ_MT874924.1,76,127
NZ_MT874924.1,77,127
NZ_MT874924.1,78,127
NZ_MT874924.1,79,127
NZ_MT874924.1,80,127
NZ_MT874924.1,81,127
NZ_MT874924.1,82,127
NZ_MT874924.1,83,127
NZ_MT874924.1,84,127
NZ_MT874924.1,85,127
NZ_MT874924.1,86,127
NZ_MT874924.1,87,127
NZ_MT874924.1,88,127
NZ_MT874924.1,89,127
NZ_MT874924.1,90,127
NZ_MT874924.1,91,127
NZ_MT874924.1,92,127
NZ_MT874924.1,93,127
NZ_MT874924.1,94,127
NZ_MT874924.1,95,127
NZ_MT874924.1,96,127
NZ_MT874924.1,97,127
NZ_MT874924.1,98,127
NZ_MT874924.1,99,127
NZ_MT874924.1,100,127
NZ_MT874924.1,101,127
NZ_MT874924.1,102,127
NZ_MT874924.1,103,127
NZ_MT874924.1,104,127
NZ_MT874924.1,105,127
NZ_MT874924.1,106,127
NZ_MT874924.1,107,127
NZ_MT874924.1,108,127
NZ_MT874924.1,109,127
NZ_MT874924.1,110,127
NZ_MT874924.1,111,127
NZ_MT874924.1,112,127
NZ_MT874924.1,113,127
NZ_MT874924.1,114,126
NZ_MT874924.1,115,126
NZ_MT874924.1,116,263
NZ_MT874924.1,117,256
NZ_MT874924.1,118,250
NZ_MT874924.1,119,249
NZ_MT874924.1,120,236
NZ_MT874924.1,121,236
NZ_MT874924.1,122,235
NZ_MT874924.1,123,235
NZ_MT874924.1,124,235
NZ_MT874924.1,125,235
NZ_MT874924.1,126,235
NZ_MT874924.1,127,235
NZ_MT874924.1,128,235
NZ_MT874924.1,129,235
NZ_MT874924.1,130,235
NZ_MT874924.1,131,235
NZ_MT874924.1,132,235
NZ_MT874924.1,133,235
NZ_MT874924.1,134,235
NZ_MT874924.1,135,235
NZ_MT874924.1,136,235
NZ_MT874924.1,137,235
NZ_MT874924.1,138,235
NZ_MT874924.1,139,235
NZ_MT874924.1,140,235
NZ_MT874924.1,141,235
NZ_MT874924.1,142,235
NZ_MT874924.1,143,235
NZ_MT874924.1,144,235
NZ_MT874924.1,145,235
NZ_MT874924.1,146,235
NZ_MT874924.1,147,235
NZ_MT874924.1,148,235
NZ_MT874924.1,149,235
NZ_MT874924.1,150,235
NZ_MT874924.1,151,235
NZ_MT874924.1,152,235
NZ_MT874924.1,153,235
NZ_MT874924.1,154,235
NZ_MT874924.1,155,235
NZ_MT874924.1,156,235
NZ_MT874924.1,157,235
NZ_MT874924.1,158,235
NZ_MT874924.1,159,235
NZ_MT874924.1,160,235
NZ_MT874924.1,161,235
NZ_MT874924.1,162,235
NZ_MT874924.1,163,235
NZ_MT874924.1,164,235
NZ_MT874924.1,165,235
NZ_MT874924.1,166,235
NZ_MT874924.1,167,235
NZ_MT874924.1,168,235
NZ_MT874924.1,169,235
NZ_MT874924.1,170,235
NZ_MT874924.1,171,235
NZ_MT874924.1,172,235
NZ_MT874924.1,173,236
NZ_MT874924.1,174,236
NZ_MT874924.1,175,236
NZ_MT874924.1,176,236
NZ_MT874924.1,177,236
NZ_MT874924.1,178,236
NZ_MT874924.1,179,236
NZ_MT874924.1,180,236
NZ_MT874924.1,181,236
NZ_MT874924.1,182,236
NZ_MT874924.1,183,236
NZ_MT874924.1,184,236
NZ_MT874924.1,185,236
NZ_MT874924.1,186,236
NZ_MT874924.1,187,236
NZ_MT874924.1,188,236
NZ_MT874924.1,189,236
NZ_MT874924.1,190,236
NZ_MT874924.1,191,236
NZ_MT874924.1,192,236
NZ_MT874924.1,193,236
NZ_MT874924.1,194,236
NZ_MT874924.1,195,236
NZ_MT874924.1,196,236
NZ_MT874924.1,197,236
NZ_MT874924.1,198,236
NZ_MT874924.1,199,236
NZ_MT874924.1,200,236
NZ_MT874924.1,201,236
NZ_MT874924.1,202,236
NZ_MT874924.1,203,236
NZ_MT874924.1,204,236
NZ_MT874924.1,205,236
NZ_MT874924.1,206,237
NZ_MT874924.1,207,237
NZ_MT874924.1,208,237
NZ_MT874924.1,209,237
NZ_MT874924.1,210,237
NZ_MT874924.1,211,237
NZ_MT874924.1,212,237
NZ_MT874924.1,213,237
NZ_MT874924.1,214,237
NZ_MT874924.1,215,237
NZ_MT874924.1,216,237
NZ_MT874924.1,217,237
NZ_MT874924.1,218,237
NZ_MT874924.1,219,237
NZ_MT874924.1,220,237
NZ_MT874924.1,221,237
NZ_MT874924.1,222,237
NZ_MT874924.1,223,237
NZ_MT874924.1,224,237
NZ_MT874924.1,225,237
NZ_MT874924.1,226,237
NZ_MT874924.1,227,237
NZ_MT874924.1,228,237
NZ_MT874924.1,229,237
NZ_MT874924.1,230,237
NZ_MT874924.1,231,237
NZ_MT874924.1,232,237
NZ_MT874924.1,233,237
NZ_MT874924.1,234,237
NZ_MT874924.1,235,237
NZ_MT874924.1,236,237
NZ_MT874924.1,237,237
NZ_MT874924.1,238,237
NZ_MT874924.1,239,237
NZ_MT874924.1,240,237
NZ_MT874924.1,241,237
NZ_MT874924.1,242,237
NZ_MT874924.1,243,237
NZ_MT874924.1,244,237
NZ_MT874924.1,245,238
NZ_MT874924.1,246,238
NZ_MT874924.1,247,238
NZ_MT874924.1,248,238
NZ_MT874924.1,249,238
NZ_MT874924.1,250,238
NZ_MT874924.1,251,238
NZ_MT874924.1,252,238
NZ_MT874924.1,253,238
NZ_MT874924.1,254,238
NZ_MT874924.1,255,238
NZ_MT874924.1,256,238
NZ_MT874924.1,257,238
NZ_MT874924.1,258,238
NZ_MT874924.1,259,238
NZ_MT874924.1,260,238
NZ_MT874924.1,261,238
NZ_MT874924.1,262,238
NZ_MT874924.1,263,238
NZ_MT874924.1,264,238
NZ_MT874924.1,265,238
NZ_MT874924.1,266,238
NZ_MT874924.1,267,238
NZ_MT874924.1,268,238
NZ_MT874924.1,269,238
NZ_MT874924.1,270,238
NZ_MT874924.1,271,238
NZ_MT874924.1,272,238
NZ_MT874924.1,273,238
NZ_MT874924.1,274,238
NZ_MT874924.1,275,238
NZ_MT874924.1,276,238
NZ_MT874924.1,277,238
NZ_MT874924.1,278,238
NZ_MT874924.1,279,238
NZ_MT874924.1,280,238
NZ_MT874924.1,281,238
NZ_MT874924.1,282,238
NZ_MT874924.1,283,238
NZ_MT874924.1,284,238
NZ_MT874924.1,285,238
NZ_MT874924.1,286,238
NZ_MT874924.1,287,238
NZ_MT874924.1,288,238
NZ_MT874924.1,289,238
NZ_MT874924.1,290,238
NZ_MT874924.1,291,238
NZ_MT874924.1,292,238
NZ_MT874924.1,293,238
NZ_MT874924.1,294,238
NZ_MT874924.1,295,238
NZ_MT874924.1,296,238
NZ_MT874924.1,297,238
NZ_MT874924.1,298,238
NZ_MT874924.1,299,238
NZ_MT874924.1,300,238
NZ_MT874924.1,301,238
NZ_MT874924.1,302,238
NZ_MT874924.1,303,238
NZ_MT874924.1,304,238
NZ_MT874924.1,305,238
NZ_MT874924.1,306,238
NZ_MT874924.1,307,238
NZ_MT874924.1,308,238
NZ_MT874924.1,309,238
NZ_MT874924.1,310,238
NZ_MT874924.1,311,238
NZ_MT874924.1,312,238
NZ_MT874924.1,313,238
NZ_MT874924.1,314,238
NZ_MT874924.1,315,238
NZ_MT874924.1,316,238
NZ_MT874924.1,317,238
NZ_MT874924.1,318,238
NZ_MT874924.1,319,238
NZ_MT874924.1,320,238
NZ_MT874924.1,321,238
NZ_MT874924.1,322,238
NZ_MT874924.1,323,238
NZ_MT874924.1,324,238
NZ_MT874924.1,325,238
NZ_MT874924.1,326,238
NZ_MT874924.1,327,238
NZ_MT874924.1,328,238
NZ_MT874924.1,329,238
NZ_MT874924.1,330,238
NZ_MT874924.1,331,237
NZ_MT874924.1,332,237
NZ_MT874924.1,333,237
NZ_MT874924.1,334,237
NZ_MT874924.1,335,237
NZ_MT874924.1,336,237
NZ_MT874924.1,337,237
NZ_MT874924.1,338,237
NZ_MT874924.1,339,237
NZ_MT874924.1,340,237
NZ_MT874924.1,341,237
NZ_MT874924.1,342,237
NZ_MT874924.1,343,237
NZ_MT874924.1,344,237
NZ_MT874924.1,345,237
NZ_MT874924.1,346,237
NZ_MT874924.1,347,237
NZ_MT874924.1,348,237
NZ_MT874924.1,349,237
NZ_MT874924.1,350,237
NZ_MT874924.1,351,237
NZ_MT874924.1,352,237
NZ_MT874924.1,353,237
NZ_MT874924.1,354,237
NZ_MT874924.1,355,237
NZ_MT874924.1,356,237
NZ_MT874924.1,357,237
NZ_MT874924.1,358,237
NZ_MT874924.1,359,237
NZ_MT874924.1,360,237
NZ_MT874924.1,361,237
NZ_MT874924.1,362,237
NZ_MT874924.1,363,237
NZ_MT874924.1,364,237
NZ_MT874924.1,365,237
NZ_MT874924.1,366,237
NZ_MT874924.1,367,237
NZ_MT874924.1,368,237
NZ_MT874924.1,369,237
NZ_MT874924.1,370,237
NZ_MT874924.1,371,237
NZ_MT874924.1,372,237
NZ_MT874924.1,373,237
NZ_MT874924.1,374,237
NZ_MT874924.1,375,237
NZ_MT874924.1,376,237
NZ_MT874924.1,377,237
NZ_MT874924.1,378,237
NZ_MT874924.1,379,237
NZ_MT874924.1,380,237
NZ_MT874924.1,381,237
NZ_MT874924.1,382,237
NZ_MT874924.1,383,237
NZ_MT874924.1,384,237
NZ_MT874924.1,385,237
NZ_MT874924.1,386,237
NZ_MT874924.1,387,237
NZ_MT874924.1,388,237
NZ_MT874924.1,389,237
NZ_MT874924.1,390,237
NZ_MT874924.1,391,237
NZ_MT874924.1,392,237
NZ_MT874924.1,393,237
NZ_MT874924.1,394,237
NZ_MT874924.1,395,237
NZ_MT874924.1,396,237
NZ_MT874924.1,397,237
NZ_MT874924.1,398,237
NZ_MT874924.1,399,237
NZ_MT874924.1,400,237
NZ_MT874924.1,401,237
NZ_MT874924.1,402,237
NZ_MT874924.1,403,237
NZ_MT874924.1,404,237
NZ_MT874924.1,405,237
NZ_MT874924.1,406,237
NZ_MT874924.1,407,237
NZ_MT874924.1,408,237
NZ_MT874924.1,409,237
NZ_MT874924.1,410,237
NZ_MT874924.1,411,237
NZ_MT874924.1,412,237
NZ_MT874924.1,413,237
NZ_MT874924.1,414,237
NZ_MT874924.1,415,237
NZ_MT874924.1,416,237
NZ_MT874924.1,417,237
NZ_MT874924.1,418,237
NZ_MT874924.1,419,237
NZ_MT874924.1,420,237
NZ_MT874924.1,421,237
NZ_MT874924.1,422,237
NZ_MT874924.1,423,237
NZ_MT874924.1,424,237
NZ_MT874924.1,425,237
NZ_MT874924.1,426,237
NZ_MT874924.1,427,237
NZ_MT874924.1,428,237
NZ_MT874924.1,429,237
NZ_MT874924.1,430,237
NZ_MT874924.1,431,237
NZ_MT874924.1,432,237
NZ_MT874924.1,433,237
NZ_MT874924.1,434,237
NZ_MT874924.1,435,237
NZ_MT874924.1,436,237
NZ_MT874924.1,437,237
NZ_MT874924.1,438,237
NZ_MT874924.1,439,237
NZ_MT874924.1,440,237
NZ_MT874924.1,441,237
NZ_MT874924.1,442,237
NZ_MT874924.1,443,237
NZ_MT874924.1,444,237
NZ_MT874924.1,445,237
NZ_MT874924.1,446,237
NZ_MT874924.1,447,237
NZ_MT874924.1,448,237
NZ_MT874924.1,449,237
NZ_MT874924.1,450,237
NZ_MT874924.1,451,237
NZ_MT874924.1,452,237
NZ_MT874924.1,453,237
NZ_MT874924.1,454,237
NZ_MT874924.1,455,237
NZ_MT874924.1,456,237
NZ_MT874924.1,457,237
NZ_MT874924.1,458,237
NZ_MT874924.1,459,237
NZ_MT874924.1,460,237
NZ_MT874924.1,461,237
NZ_MT874924.1,462,237
NZ_MT874924.1,463,237
NZ_MT874924.1,464,237
NZ_MT874924.1,465,237
NZ_MT874924.1,466,237
NZ_MT874924.1,467,237
NZ_MT874924.1,468,237
NZ_MT874924.1,469,237
NZ_MT874924.1,470,237
NZ_MT874924.1,471,237
NZ_MT874924.1,472,237
NZ_MT874924.1,473,237
NZ_MT874924.1,474,237
NZ_MT874924.1,475,237
NZ_MT874924.1,476,237
NZ_MT874924.1,477,237
NZ_MT874924.1,478,237
NZ_MT874924.1,479,237
NZ_MT874924.1,480,237
NZ_MT874924.1,481,237
NZ_MT874924.1,482,237
NZ_MT874924.1,483,237
NZ_MT874924.1,484,237
NZ_MT874924.1,485,237
NZ_MT874924.1,486,237
NZ_MT874924.1,487,237
NZ_MT874924.1,488,237
NZ_MT874924.1,489,237
NZ_MT874924.1,490,237
NZ_MT874924.1,491,237
NZ_MT874924.1,492,237
NZ_MT874924.1,493,237
NZ_MT874924.1,494,237
NZ_MT874924.1,495,237
NZ_MT874924.1,496,237
NZ_MT874924.1,497,237
NZ_MT874924.1,498,237
NZ_MT874924.1,499,237
NZ_MT874924.1,500,237
NZ_MT874924.1,501,237
NZ_MT874924.1,502,237
NZ_MT874924.1,503,237
NZ_MT874924.1,504,237
NZ_MT874924.1,505,237
NZ_MT874924.1,506,237
NZ_MT874924.1,507,237
NZ_MT874924.1,508,237
NZ_MT874924.1,509,237
NZ_MT874924.1,510,237
NZ_MT874924.1,511,237
NZ_MT874924.1,512,237
NZ_MT874924.1,513,237
NZ_MT874924.1,514,237
NZ_MT874924.1,515,237
NZ_MT874924.1,516,237
NZ_MT874924.1,517,237
NZ_MT874924.1,518,237
NZ_MT874924.1,519,237
NZ_MT874924.1,520,237
NZ_MT874924.1,521,237
NZ_MT874924.1,522,237
NZ_MT874924.1,523,237
NZ_MT874924.1,524,237
NZ_MT874924.1,525,237
NZ_MT874924.1,526,237
NZ_MT874924.1,527,237
NZ_MT874924.1,528,237
NZ_MT874924.1,529,237
NZ_MT874924.1,530,237
NZ_MT874924.1,531,237
NZ_MT874924.1,532,238
NZ_MT874924.1,533,238
NZ_MT874924.1,534,238
NZ_MT874924.1,535,239
NZ_MT874924.1,536,239
NZ_MT874924.1,537,239
NZ_MT874924.1,538,239
NZ_MT874924.1,539,239
NZ_MT874924.1,540,239
NZ_MT874924.1,541,239
NZ_MT874924.1,542,239
NZ_MT874924.1,543,239
NZ_MT874924.1,544,239
NZ_MT874924.1,545,239
NZ_MT874924.1,546,239
NZ_MT874924.1,547,239
NZ_MT874924.1,548,239
NZ_MT874924.1,549,239
NZ_MT874924.1,550,239
NZ_MT874924.1,551,239
NZ_MT874924.1,552,239
NZ_MT874924.1,553,239
NZ_MT874924.1,554,239
NZ_MT874924.1,555,239
NZ_MT874924.1,556,239
NZ_MT874924.1,557,239
NZ_MT874924.1,558,239
NZ_MT874924.1,559,239
NZ_MT874924.1,560,239
NZ_MT874924.1,561,239
NZ_MT874924.1,562,239
NZ_MT874924.1,563,239
NZ_MT874924.1,564,239
NZ_MT874924.1,565,239
NZ_MT874924.1,566,239
NZ_MT874924.1,567,239
NZ_MT874924.1,568,239
NZ_MT874924.1,569,239
NZ_MT874924.1,570,239
NZ_MT874924.1,571,239
NZ_MT874924.1,572,239
NZ_MT874924.1,573,239
NZ_MT874924.1,574,239
NZ_MT874924.1,575,239
NZ_MT874924.1,576,239
NZ_MT874924.1,577,239
NZ_MT874924.1,578,239
NZ_MT874924.1,579,239
NZ_MT874924.1,580,239
NZ_MT874924.1,581,239
NZ_MT874924.1,582,239
NZ_MT874924.1,583,239
NZ_MT874924.1,584,239
NZ_MT874924.1,585,239
NZ_MT874924.1,586,239
NZ_MT874924.1,587,239
NZ_MT874924.1,588,239
NZ_MT874924.1,589,239
NZ_MT874924.1,590,239
NZ_MT874924.1,591,239
NZ_MT874924.1,592,239
NZ_MT874924.1,593,239
NZ_MT874924.1,594,239
NZ_MT874924.1,595,239
NZ_MT874924.1,596,239
NZ_MT874924.1,597,239
NZ_MT874924.1,598,239
NZ_MT874924.1,599,239
NZ_MT874924.1,600,239
NZ_MT874924.1,601,239
NZ_MT874924.1,602,239
NZ_MT874924.1,603,239
NZ_MT874924.1,604,239
NZ_MT874924.1,605,239
NZ_MT874924.1,606,239
NZ_MT874924.1,607,239
NZ_MT874924.1,608,239
NZ_MT874924.1,609,239
NZ_MT874924.1,610,239
NZ_MT874924.1,611,239
NZ_MT874924.1,612,239
NZ_MT874924.1,613,239
NZ_MT874924.1,614,239
NZ_MT874924.1,615,239
NZ_MT874924.1,616,239
NZ_MT874924.1,617,239
NZ_MT874924.1,618,239
NZ_MT874924.1,619,239
NZ_MT874924.1,620,239
NZ_MT874924.1,621,239
NZ_MT874924.1,622,239
NZ_MT874924.1,623,239
NZ_MT874924.1,624,239
NZ_MT874924.1,625,239
NZ_MT874924.1,626,239
NZ_MT874924.1,627,239
NZ_MT874924.1,628,239
NZ_MT874924.1,629,239
NZ_MT874924.1,630,239
NZ_MT874924.1,631,239
NZ_MT874924.1,632,239
NZ_MT874924.1,633,239
NZ_MT874924.1,634,239
NZ_MT874924.1,635,239
NZ_MT874924.1,636,239
NZ_MT874924.1,637,239
NZ_MT874924.1,638,239
NZ_MT874924.1,639,239
NZ_MT874924.1,640,239
NZ_MT874924.1,641,239
NZ_MT874924.1,642,239
NZ_MT874924.1,643,239
NZ_MT874924.1,644,239
NZ_MT874924.1,645,239
NZ_MT874924.1,646,239
NZ_MT874924.1,647,239
NZ_MT874924.1,648,239
NZ_MT874924.1,649,239
NZ_MT874924.1,650,239
NZ_MT874924.1,651,239
NZ_MT874924.1,652,239
NZ_MT874924.1,653,239
NZ_MT874924.1,654,239
NZ_MT874924.1,655,239
NZ_MT874924.1,656,239
NZ_MT874924.1,657,239
NZ_MT874924.1,658,239
NZ_MT874924.1,659,239
NZ_MT874924.1,660,239
NZ_MT874924.1,661,239
NZ_MT874924.1,662,239
NZ_MT874924.1,663,239
NZ_MT874924.1,664,239
NZ_MT874924.1,665,239
NZ_MT874924.1,666,239
NZ_MT874924.1,667,239
NZ_MT874924.1,668,239
NZ_MT874924.1,669,239
NZ_MT874924.1,670,239
NZ_MT874924.1,671,239
NZ_MT874924.1,672,239
NZ_MT874924.1,673,239
NZ_MT874924.1,674,239
NZ_MT874924.1,675,239
NZ_MT874924.1,676,239
NZ_MT874924.1,677,239
NZ_MT874924.1,678,239
NZ_MT874924.1,679,239
NZ_MT874924.1,680,239
NZ_MT874924.1,681,239
NZ_MT874924.1,682,239
NZ_MT874924.1,683,239
NZ_MT874924.1,684,239
NZ_MT874924.1,685,239
NZ_MT874924.1,686,239
NZ_MT874924.1,687,239
NZ_MT874924.1,688,239
NZ_MT874924.1,689,239
NZ_MT874924.1,690,239
NZ_MT874924.1,691,239
NZ_MT874924.1,692,239
NZ_MT874924.1,693,239
NZ_MT874924.1,694,239
NZ_MT874924.1,695,239
NZ_MT874924.1,696,239
NZ_MT874924.1,697,239
NZ_MT874924.1,698,239
NZ_MT874924.1,699,239
NZ_MT874924.1,700,239
NZ_MT874924.1,701,239
NZ_MT874924.1,702,239
NZ_MT874924.1,703,239
NZ_MT874924.1,704,239
NZ_MT874924.1,705,239
NZ_MT874924.1,706,239
NZ_MT874924.1,707,239
NZ_MT874924.1,708,239
NZ_MT874924.1,709,239
NZ_MT874924.1,710,239
NZ_MT874924.1,711,239
NZ_MT874924.1,712,239
NZ_MT874924.1,713,239
NZ_MT874924.1,714,239
NZ_MT874924.1,715,239
NZ_MT874924.1,716,239
NZ_MT874924.1,717,239
NZ_MT874924.1,718,239
NZ_MT874924.1,719,239
NZ_MT874924.1,720,239
NZ_MT874924.1,721,239
NZ_MT874924.1,722,239
NZ_MT874924.1,723,239
NZ_MT874924.1,724,239
NZ_MT874924.1,725,239
NZ_MT874924.1,726,239
NZ_MT874924.1,727,240
NZ_MT874924.1,728,240
NZ_MT874924.1,729,240
NZ_MT874924.1,730,240
NZ_MT874924.1,731,240
NZ_MT874924.1,732,240
NZ_MT874924.1,733,240
NZ_MT874924.1,734,240
NZ_MT874924.1,735,240
NZ_MT874924.1,736,240
NZ_MT874924.1,737,240
NZ_MT874924.1,738,240
NZ_MT874924.1,739,240
NZ_MT874924.1,740,240
NZ_MT874924.1,741,240
NZ_MT874924.1,742,240
NZ_MT874924.1,743,240
NZ_MT874924.1,744,240
NZ_MT874924.1,745,240
NZ_MT874924.1,746,240
NZ_MT874924.1,747,240
NZ_MT874924.1,748,240
NZ_MT874924.1,749,240
NZ_MT874924.1,750,240
NZ_MT874924.1,751,240
NZ_MT874924.1,752,240
NZ_MT874924.1,753,240
NZ_MT874924.1,754,240
NZ_MT874924.1,755,240
NZ_MT874924.1,756,240
NZ_MT874924.1,757,240
NZ_MT874924.1,758,239
NZ_MT874924.1,759,239
NZ_MT874924.1,760,240
NZ_MT874924.1,761,240
NZ_MT874924.1,762,240
NZ_MT874924.1,763,240
NZ_MT874924.1,764,241
NZ_MT874924.1,765,240
NZ_MT874924.1,766,240
NZ_MT874924.1,767,240
NZ_MT874924.1,768,240
NZ_MT874924.1,769,240
NZ_MT874924.1,770,240
NZ_MT874924.1,771,240
NZ_MT874924.1,772,240
NZ_MT874924.1,773,240
NZ_MT874924.1,774,240
NZ_MT874924.1,775,240
NZ_MT874924.1,776,240
NZ_MT874924.1,777,240
NZ_MT874924.1,778,240
NZ_MT874924.1,779,240
NZ_MT874924.1,780,240
NZ_MT874924.1,781,240
NZ_MT874924.1,782,240
NZ_MT874924.1,783,240
NZ_MT874924.1,784,240
NZ_MT874924.1,785,240
NZ_MT874924.1,786,240
NZ_MT874924.1,787,240
NZ_MT874924.1,788,240
NZ_MT874924.1,789,240
NZ_MT874924.1,790,240
NZ_MT874924.1,791,240
NZ_MT874924.1,792,240
NZ_MT874924.1,793,240
NZ_MT874924.1,794,240
NZ_MT874924.1,795,240
NZ_MT874924.1,796,240
NZ_MT874924.1,797,240
NZ_MT874924.1,798,240
NZ_MT874924.1,799,240
NZ_MT874924.1,800,240
NZ_MT874924.1,801,240
NZ_MT874924.1,802,240
NZ_MT874924.1,803,240
NZ_MT874924.1,804,240
NZ_MT874924.1,805,240
NZ_MT874924.1,806,240
NZ_MT874924.1,807,240
NZ_MT874924.1,808,240
NZ_MT874924.1,809,240
NZ_MT874924.1,810,240
NZ_MT874924.1,811,240
NZ_MT874924.1,812,240
NZ_MT874924.1,813,240
NZ_MT874924.1,814,240
NZ_MT874924.1,815,240
NZ_MT874924.1,816,240
NZ_MT874924.1,817,240
NZ_MT874924.1,818,240
NZ_MT874924.1,819,240
NZ_MT874924.1,820,240
NZ_MT874924.1,821,240
NZ_MT874924.1,822,240
NZ_MT874924.1,823,240
NZ_MT874924.1,824,240
NZ_MT874924.1,825,240
NZ_MT874924.1,826,240
NZ_MT874924.1,827,240
NZ_MT874924.1,828,240
NZ_MT874924.1,829,240
NZ_MT874924.1,830,240
NZ_MT874924.1,831,240
NZ_MT874924.1,832,240
NZ_MT874924.1,833,240
NZ_MT874924.1,834,240
NZ_MT874924.1,835,240
NZ_MT874924.1,836,240
NZ_MT874924.1,837,240
NZ_MT874924.1,838,240
NZ_MT874924.1,839,240
NZ_MT874924.1,840,240
NZ_MT874924.1,841,240
NZ_MT874924.1,842,240
NZ_MT874924.1,843,240
NZ_MT874924.1,844,240
NZ_MT874924.1,845,240
NZ_MT874924.1,846,240
NZ_MT874924.1,847,240
NZ_MT874924.1,848,240
NZ_MT874924.1,849,240
NZ_MT874924.1,850,240
NZ_MT874924.1,851,240
NZ_MT874924.1,852,240
NZ_MT874924.1,853,240
NZ_MT874924.1,854,240
NZ_MT874924.1,855,240
NZ_MT874924.1,856,240
NZ_MT874924.1,857,240
NZ_MT874924.1,858,240
NZ_MT874924.1,859,240
NZ_MT874924.1,860,240
NZ_MT874924.1,861,240
NZ_MT874924.1,862,240
NZ_MT874924.1,863,240
NZ_MT874924.1,864,240
NZ_MT874924.1,865,240
NZ_MT874924.1,866,240
NZ_MT874924.1,867,240
NZ_MT874924.1,868,240
NZ_MT874924.1,869,240
NZ_MT874924.1,870,240
NZ_MT874924.1,871,240
NZ_MT874924.1,872,240
NZ_MT874924.1,873,240
NZ_MT874924.1,874,240
NZ_MT874924.1,875,240
NZ_MT874924.1,876,240
NZ_MT874924.1,877,240
NZ_MT874924.1,878,240
NZ_MT874924.1,879,240
NZ_MT874924.1,880,240
NZ_MT874924.1,881,240
NZ_MT874924.1,882,240
NZ_MT874924.1,883,240
NZ_MT874924.1,884,240
NZ_MT874924.1,885,240
NZ_MT874924.1,886,240
NZ_MT874924.1,887,240
NZ_MT874924.1,888,240
NZ_MT874924.1,889,240
NZ_MT874924.1,890,240
NZ_MT874924.1,891,240
NZ_MT874924.1,892,240
NZ_MT874924.1,893,240
NZ_MT874924.1,894,240
NZ_MT874924.1,895,240
NZ_MT874924.1,896,240
NZ_MT874924.1,897,240
NZ_MT874924.1,898,240
NZ_MT874924.1,899,240
NZ_MT874924.1,900,240
NZ_MT874924.1,901,240
NZ_MT874924.1,902,240
NZ_MT874924.1,903,240
NZ_MT874924.1,904,240
NZ_MT874924.1,905,240
NZ_MT874924.1,906,240
NZ_MT874924.1,907,241
NZ_MT874924.1,908,241
NZ_MT874924.1,909,241
NZ_MT874924.1,910,241
NZ_MT874924.1,911,241
NZ_MT874924.1,912,241
NZ_MT874924.1,913,241
NZ_MT874924.1,914,242
NZ_MT874924.1,915,242
NZ_MT874924.1,916,242
NZ_MT874924.1,917,242
NZ_MT874924.1,918,242
NZ_MT874924.1,919,242
NZ_MT874924.1,920,242
NZ_MT874924.1,921,242
NZ_MT874924.1,922,242
NZ_MT874924.1,923,242
NZ_MT874924.1,924,242
NZ_MT874924.1,925,242
NZ_MT874924.1,926,242
NZ_MT874924.1,927,242
NZ_MT874924.1,928,242
NZ_MT874924.1,929,242
NZ_MT874924.1,930,242
NZ_MT874924.1,931,241
NZ_MT874924.1,932,241
NZ_MT874924.1,933,241
NZ_MT874924.1,934,242
NZ_MT874924.1,935,242
NZ_MT874924.1,936,242
NZ_MT874924.1,937,242
NZ_MT874924.1,938,242
NZ_MT874924.1,939,242
NZ_MT874924.1,940,242
NZ_MT874924.1,941,242
NZ_MT874924.1,942,242
NZ_MT874924.1,943,242
NZ_MT874924.1,944,242
NZ_MT874924.1,945,241
NZ_MT874924.1,946,241
NZ_MT874924.1,947,243
NZ_MT874924.1,948,242
NZ_MT874924.1,949,242
NZ_MT874924.1,950,242
NZ_MT874924.1,951,243
NZ_MT874924.1,952,243
NZ_MT874924.1,953,242
NZ_MT874924.1,954,242
NZ_MT874924.1,955,242
NZ_MT874924.1,956,243
NZ_MT874924.1,957,243
NZ_MT874924.1,958,242
NZ_MT874924.1,959,242
NZ_MT874924.1,960,243
NZ_MT874924.1,961,242
NZ_MT874924.1,962,242
NZ_MT874924.1,963,242
NZ_MT874924.1,964,242
NZ_MT874924.1,965,243
NZ_MT874924.1,966,243
NZ_MT874924.1,967,243
NZ_MT874924.1,968,243
NZ_MT874924.1,969,243
NZ_MT874924.1,970,242
NZ_MT874924.1,971,242
NZ_MT874924.1,972,242
NZ_MT874924.1,973,242
NZ_MT874924.1,974,243
NZ_MT874924.1,975,243
NZ_MT874924.1,976,243
NZ_MT874924.1,977,243
NZ_MT874924.1,978,243
NZ_MT874924.1,979,244
NZ_MT874924.1,980,244
NZ_MT874924.1,981,244
NZ_MT874924.1,982,244
NZ_MT874924.1,983,244
NZ_MT874924.1,984,244
NZ_MT874924.1,985,244
NZ_MT874924.1,986,244
NZ_MT874924.1,987,244
NZ_MT874924.1,988,243
NZ_MT874924.1,989,243
NZ_MT874924.1,990,243
NZ_MT874924.1,991,243
NZ_MT874924.1,992,243
NZ_MT874924.1,993,243
NZ_MT874924.1,994,243
NZ_MT874924.1,995,243
NZ_MT874924.1,996,243
NZ_MT874924.1,997,243
NZ_MT874924.1,998,243
NZ_MT874924.1,999,243
NZ_MT874924.1,1000,243
NZ_MT874924.1,1001,243
NZ_MT874924.1,1002,243
NZ_MT874924.1,1003,243
NZ_MT874924.1,1004,243
NZ_MT874924.1,1005,243
NZ_MT874924.1,1006,243
NZ_MT874924.1,1007,243
NZ_MT874924.1,1008,243
NZ_MT874924.1,1009,243
NZ_MT874924.1,1010,243
NZ_MT874924.1,1011,243
NZ_MT874924.1,1012,243
NZ_MT874924.1,1013,243
NZ_MT874924.1,1014,243
NZ_MT874924.1,1015,243
NZ_MT874924.1,1016,243
NZ_MT874924.1,1017,243
NZ_MT874924.1,1018,243
NZ_MT874924.1,1019,243
NZ_MT874924.1,1020,243
NZ_MT874924.1,1021,243
NZ_MT874924.1,1022,243
NZ_MT874924.1,1023,243
NZ_MT874924.1,1024,243
NZ_MT874924.1,1025,243
NZ_MT874924.1,1026,243
NZ_MT874924.1,1027,243
NZ_MT874924.1,1028,243
NZ_MT874924.1,1029,243
NZ_MT874924.1,1030,243
NZ_MT874924.1,1031,243
NZ_MT874924.1,1032,243
NZ_MT874924.1,1033,243
NZ_MT874924.1,1034,243
NZ_MT874924.1,1035,243
NZ_MT874924.1,1036,243
NZ_MT874924.1,1037,243
NZ_MT874924.1,1038,243
NZ_MT874924.1,1039,243
NZ_MT874924.1,1040,243
NZ_MT874924.1,1041,251
NZ_MT874924.1,1042,251
NZ_MT874924.1,1043,251
NZ_MT874924.1,1044,251
NZ_MT874924.1,1045,251
NZ_MT874924.1,1046,251
NZ_MT874924.1,1047,251
NZ_MT874924.1,1048,251
NZ_MT874924.1,1049,251
NZ_MT874924.1,1050,251
NZ_MT874924.1,1051,251
NZ_MT874924.1,1052,251
NZ_MT874924.1,1053,251
NZ_MT874924.1,1054,251
NZ_MT874924.1,1055,251
NZ_MT874924.1,1056,251
NZ_MT874924.1,1057,251
NZ_MT874924.1,1058,251
NZ_MT874924.1,1059,251
NZ_MT874924.1,1060,251
NZ_MT874924.1,1061,251
NZ_MT874924.1,1062,251
NZ_MT874924.1,1063,251
NZ_MT874924.1,1064,251
NZ_MT874924.1,1065,251
NZ_MT874924.1,1066,251
NZ_MT874924.1,1067,251
NZ_MT874924.1,1068,251
NZ_MT874924.1,1069,251
NZ_MT874924.1,1070,251
NZ_MT874924.1,1071,251
NZ_MT874924.1,1072,251
NZ_MT874924.1,1073,251
NZ_MT874924.1,1074,251
NZ_MT874924.1,1075,251
NZ_MT874924.1,1076,251
NZ_MT874924.1,1077,251
NZ_MT874924.1,1078,251
NZ_MT874924.1,1079,251
NZ_MT874924.1,1080,251
NZ_MT874924.1,1081,251
NZ_MT874924.1,1082,251
NZ_MT874924.1,1083,251
NZ_MT874924.1,1084,251
NZ_MT874924.1,1085,251
NZ_MT874924.1,1086,251
NZ_MT874924.1,1087,251
NZ_MT874924.1,1088,251
NZ_MT874924.1,1089,251
NZ_MT874924.1,1090,251
NZ_MT874924.1,1091,251
NZ_MT874924.1,1092,251
NZ_MT874924.1,1093,251
NZ_MT874924.1,1094,251
NZ_MT874924.1,1095,251
NZ_MT874924.1,1096,251
NZ_MT874924.1,1097,251
NZ_MT874924.1,1098,251
NZ_MT874924.1,1099,251
NZ_MT874924.1,1100,251
NZ_MT874924.1,1101,251
NZ_MT874924.1,1102,251
NZ_MT874924.1,1103,251
NZ_MT874924.1,1104,251
NZ_MT874924.1,1105,252
NZ_MT874924.1,1106,252
NZ_MT874924.1,1107,252
NZ_MT874924.1,1108,252
NZ_MT874924.1,1109,252
NZ_MT874924.1,1110,253
NZ_MT874924.1,1111,253
NZ_MT874924.1,1112,253
NZ_MT874924.1,1113,253
NZ_MT874924.1,1114,253
NZ_MT874924.1,1115,253
NZ_MT874924.1,1116,253
NZ_MT874924.1,1117,261
NZ_MT874924.1,1118,151
NZ_MT874924.1,1119,151
NZ_MT874924.1,1120,151
NZ_MT874924.1,1121,151
NZ_MT874924.1,1122,151
NZ_MT874924.1,1123,151
NZ_MT874924.1,1124,151
NZ_MT874924.1,1125,151
NZ_MT874924.1,1126,151
NZ_MT874924.1,1127,151
NZ_MT874924.1,1128,151
NZ_MT874924.1,1129,151
NZ_MT874924.1,1130,151
NZ_MT874924.1,1131,151
NZ_MT874924.1,1132,151
NZ_MT874924.1,1133,151
NZ_MT874924.1,1134,151
NZ_MT874924.1,1135,151
NZ_MT874924.1,1136,151
NZ_MT874924.1,1137,151
NZ_MT874924.1,1138,151
NZ_MT874924.1,1139,151
NZ_MT874924.1,1140,151
NZ_MT874924.1,1141,151
NZ_MT874924.1,1142,151
NZ_MT874924.1,1143,151
NZ_MT874924.1,1144,151
NZ_MT874924.1,1145,151
NZ_MT874924.1,1146,151
NZ_MT874924.1,1147,151
NZ_MT874924.1,1148,151
NZ_MT874924.1,1149,151
NZ_MT874924.1,1150,151
NZ_MT874924.1,1151,151
NZ_MT874924.1,1152,151
NZ_MT874924.1,1153,151
NZ_MT874924.1,1154,151
NZ_MT874924.1,1155,151
NZ_MT874924.1,1156,151
NZ_MT874924.1,1157,151
NZ_MT874924.1,1158,151
NZ_MT874924.1,1159,151
NZ_MT874924.1,1160,151
NZ_MT874924.1,1161,151
NZ_MT874924.1,1162,151
NZ_MT874924.1,1163,151
NZ_MT874924.1,1164,151
NZ_MT874924.1,1165,151
NZ_MT874924.1,1166,151
NZ_MT874924.1,1167,151
NZ_MT874924.1,1168,151
NZ_MT874924.1,1169,151
NZ_MT874924.1,1170,151
NZ_MT874924.1,1171,151
NZ_MT874924.1,1172,151
NZ_MT874924.1,1173,151
NZ_MT874924.1,1174,151
NZ_MT874924.1,1175,151
NZ_MT874924.1,1176,151
NZ_MT874924.1,1177,151
NZ_MT874924.1,1178,151
NZ_MT874924.1,1179,151
NZ_MT874924.1,1180,151
NZ_MT874924.1,1181,151
NZ_MT874924.1,1182,151
NZ_MT874924.1,1183,151
NZ_MT874924.1,1184,151
NZ_MT874924.1,1185,151
NZ_MT874924.1,1186,151
NZ_MT874924.1,1187,151
NZ_MT874924.1,1188,151
NZ_MT874924.1,1189,151
NZ_MT874924.1,1190,151
NZ_MT874924.1,1191,151
NZ_MT874924.1,1192,151
NZ_MT874924.1,1193,151
NZ_MT874924.1,1194,151
NZ_MT874924.1,1195,151
NZ_MT874924.1,1196,151
NZ_MT874924.1,1197,151
NZ_MT874924.1,1198,151
NZ_MT874924.1,1199,151
NZ_MT874924.1,1200,151
NZ_MT874924.1,1201,151
NZ_MT874924.1,1202,151
NZ_MT874924.1,1203,151
NZ_MT874924.1,1204,151
NZ_MT874924.1,1205,151
NZ_MT874924.1,1206,151
NZ_MT874924.1,1207,151
NZ_MT874924.1,1208,151
NZ_MT874924.1,1209,151
NZ_MT874924.1,1210,151
NZ_MT874924.1,1211,151
NZ_MT874924.1,1212,151
NZ_MT874924.1,1213,151
NZ_MT874924.1,1214,151
NZ_MT874924.1,1215,151
NZ_MT874924.1,1216,151
NZ_MT874924.1,1217,151
NZ_MT874924.1,1218,151
NZ_MT874924.1,1219,151
NZ_MT874924.1,1220,151
NZ_MT874924.1,1221,151
NZ_MT874924.1,1222,151
NZ_MT874924.1,1223,151
NZ_MT874924.1,1224,151
NZ_MT874924.1,1225,151
NZ_MT874924.1,1226,151
NZ_MT874924.1,1227,151
NZ_MT874924.1,1228,151
NZ_MT874924.1,1229,151
NZ_MT874924.1,1230,151
NZ_MT874924.1,1231,151
NZ_MT874924.1,1232,151
NZ_MT874924.1,1233,151
NZ_MT874924.1,1234,151
NZ_MT874924.1,1235,151
NZ_MT874924.1,1236,151
NZ_MT874924.1,1237,151
NZ_MT874924.1,1238,151
NZ_MT874924.1,1239,151
NZ_MT874924.1,1240,151
NZ_MT874924.1,1241,151
NZ_MT874924.1,1242,151
NZ_MT874924.1,1243,151
NZ_MT874924.1,1244,151
NZ_MT874924.1,1245,151
NZ_MT874924.1,1246,151
NZ_MT874924.1,1247,151
NZ_MT874924.1,1248,151
NZ_MT874924.1,1249,151
NZ_MT874924.1,1250,151
NZ_MT874924.1,1251,151
NZ_MT874924.1,1252,151
NZ_MT874924.1,1253,151
NZ_MT874924.1,1254,151
NZ_MT874924.1,1255,151
NZ_MT874924.1,1256,151
NZ_MT874924.1,1257,151
NZ_MT874924.1,1258,151
NZ_MT874924.1,1259,151
NZ_MT874924.1,1260,151
NZ_MT874924.1,1261,151
NZ_MT874924.1,1262,151
NZ_MT874924.1,1263,151
NZ_MT874924.1,1264,151
NZ_MT874924.1,1265,151
NZ_MT874924.1,1266,151
NZ_MT874924.1,1267,151
NZ_MT874924.1,1268,151
NZ_MT874924.1,1269,151
NZ_MT874924.1,1270,151
NZ_MT874924.1,1271,151
NZ_MT874924.1,1272,151
NZ_MT874924.1,1273,151
NZ_MT874924.1,1274,151
NZ_MT874924.1,1275,151
NZ_MT874924.1,1276,151
NZ_MT874924.1,1277,151
NZ_MT874924.1,1278,151
NZ_MT874924.1,1279,151
NZ_MT874924.1,1280,151
NZ_MT874924.1,1281,151
NZ_MT874924.1,1282,151
NZ_MT874924.1,1283,151
NZ_MT874924.1,1284,151
NZ_MT874924.1,1285,151
NZ_MT874924.1,1286,177
NZ_MT874924.1,1287,177
NZ_MT874924.1,1288,177
NZ_MT874924.1,1289,177
NZ_MT874924.1,1290,177
NZ_MT874924.1,1291,177
NZ_MT874924.1,1292,177
NZ_MT874924.1,1293,177
NZ_MT874924.1,1294,177
NZ_MT874924.1,1295,177
NZ_MT874924.1,1296,177
NZ_MT874924.1,1297,177
NZ_MT874924.1,1298,177
NZ_MT874924.1,1299,177
NZ_MT874924.1,1300,177
NZ_MT874924.1,1301,177
NZ_MT874924.1,1302,177
NZ_MT874924.1,1303,177
NZ_MT874924.1,1304,177
NZ_MT874924.1,1305,177
NZ_MT874924.1,1306,177
NZ_MT874924.1,1307,177
NZ_MT874924.1,1308,177
NZ_MT874924.1,1309,182
NZ_MT874924.1,1310,182
NZ_MT874924.1,1311,182
NZ_MT874924.1,1312,182
NZ_MT874924.1,1313,182
NZ_MT874924.1,1314,182
NZ_MT874924.1,1315,182
NZ_MT874924.1,1316,182
NZ_MT874924.1,1317,182
NZ_MT874924.1,1318,182
NZ_MT874924.1,1319,182
NZ_MT874924.1,1320,182
NZ_MT874924.1,1321,182
NZ_MT874924.1,1322,182
NZ_MT874924.1,1323,182
NZ_MT874924.1,1324,182
NZ_MT874924.1,1325,182
NZ_MT874924.1,1326,182
NZ_MT874924.1,1327,182
NZ_MT874924.1,1328,182
NZ_MT874924.1,1329,182
NZ_MT874924.1,1330,182
NZ_MT874924.1,1331,182
NZ_MT874924.1,1332,182
NZ_MT874924.1,1333,182
NZ_MT874924.1,1334,182
NZ_MT874924.1,1335,182
NZ_MT874924.1,1336,182
NZ_MT874924.1,1337,182
NZ_MT874924.1,1338,182
NZ_MT874924.1,1339,182
NZ_MT874924.1,1340,182
NZ_MT874924.1,1341,182
NZ_MT874924.1,1342,182
NZ_MT874924.1,1343,182
NZ_MT874924.1,1344,182
NZ_MT874924.1,1345,182
NZ_MT874924.1,1346,182
NZ_MT874924.1,1347,182
NZ_MT874924.1,1348,182
NZ_MT874924.1,1349,182
NZ_MT874924.1,1350,182
NZ_MT874924.1,1351,182
NZ_MT874924.1,1352,182
NZ_MT874924.1,1353,182
NZ_MT874924.1,1354,187
NZ_MT874924.1,1355,187
NZ_MT874924.1,1356,188
NZ_MT874924.1,1357,188
NZ_MT874924.1,1358,188
NZ_MT874924.1,1359,188
NZ_MT874924.1,1360,188
NZ_MT874924.1,1361,188
NZ_MT874924.1,1362,188
NZ_MT874924.1,1363,188
NZ_MT874924.1,1364,188
NZ_MT874924.1,1365,188
NZ_MT874924.1,1366,188
NZ_MT874924.1,1367,188
NZ_MT874924.1,1368,188
NZ_MT874924.1,1369,188
NZ_MT874924.1,1370,188
NZ_MT874924.1,1371,188
NZ_MT874924.1,1372,188
NZ_MT874924.1,1373,188
NZ_MT874924.1,1374,188
NZ_MT874924.1,1375,188
NZ_MT874924.1,1376,188
NZ_MT874924.1,1377,188
NZ_MT874924.1,1378,188
NZ_MT874924.1,1379,188
NZ_MT874924.1,1380,188
NZ_MT874924.1,1381,188
NZ_MT874924.1,1382,188
NZ_MT874924.1,1383,188
NZ_MT874924.1,1384,188
NZ_MT874924.1,1385,188
NZ_MT874924.1,1386,188
NZ_MT874924.1,1387,188
NZ_MT874924.1,1388,188
NZ_MT874924.1,1389,188
NZ_MT874924.1,1390,188
NZ_MT874924.1,1391,188
NZ_MT874924.1,1392,188
NZ_MT874924.1,1393,188
NZ_MT874924.1,1394,188
NZ_MT874924.1,1395,188
NZ_MT874924.1,1396,188
NZ_MT874924.1,1397,188
NZ_MT874924.1,1398,188
NZ_MT874924.1,1399,188
NZ_MT874924.1,1400,188
NZ_MT874924.1,1401,188
NZ_MT874924.1,1402,188
NZ_MT874924.1,1403,188
NZ_MT874924.1,1404,188
NZ_MT874924.1,1405,188
NZ_MT874924.1,1406,188
NZ_MT874924.1,1407,188
NZ_MT874924.1,1408,188
NZ_MT874924.1,1409,188
NZ_MT874924.1,1410,188
NZ_MT874924.1,1411,188
NZ_MT874924.1,1412,188
NZ_MT874924.1,1413,188
NZ_MT874924.1,1414,188
NZ_MT874924.1,1415,188
NZ_MT874924.1,1416,188
NZ_MT874924.1,1417,188
NZ_MT874924.1,1418,188
NZ_MT874924.1,1419,188
NZ_MT874924.1,1420,188
NZ_MT874924.1,1421,188
NZ_MT874924.1,1422,188
NZ_MT874924.1,1423,188
NZ_MT874924.1,1424,188
NZ_MT874924.1,1425,188
NZ_MT874924.1,1426,188
NZ_MT874924.1,1427,188
NZ_MT874924.1,1428,188
NZ_MT874924.1,1429,188
NZ_MT874924.1,1430,188
NZ_MT874924.1,1431,188
NZ_MT874924.1,1432,188
NZ_MT874924.1,1433,188
NZ_MT874924.1,1434,188
NZ_MT874924.1,1435,188
NZ_MT874924.1,1436,188
NZ_MT874924.1,1437,188
NZ_MT874924.1,1438,188
NZ_MT874924.1,1439,188
NZ_MT874924.1,1440,188
NZ_MT874924.1,1441,188
NZ_MT874924.1,1442,188
NZ_MT874924.1,1443,188
NZ_MT874924.1,1444,188
NZ_MT874924.1,1445,188
NZ_MT874924.1,1446,188
NZ_MT874924.1,1447,188
NZ_MT874924.1,1448,188
NZ_MT874924.1,1449,188
NZ_MT874924.1,1450,188
NZ_MT874924.1,1451,188
NZ_MT874924.1,1452,188
NZ_MT874924.1,1453,188
NZ_MT874924.1,1454,188
NZ_MT874924.1,1455,188
NZ_MT874924.1,1456,188
NZ_MT874924.1,1457,188
NZ_MT874924.1,1458,188
NZ_MT874924.1,1459,188
NZ_MT874924.1,1460,188
NZ_MT874924.1,1461,188
NZ_MT874924.1,1462,188
NZ_MT874924.1,1463,188
NZ_MT874924.1,1464,188
NZ_MT874924.1,1465,188
NZ_MT874924.1,1466,189
NZ_MT874924.1,1467,191
NZ_MT874924.1,1468,191
NZ_MT874924.1,1469,191
NZ_MT874924.1,1470,191
NZ_MT874924.1,1471,191
NZ_MT874924.1,1472,191
NZ_MT874924.1,1473,191
NZ_MT874924.1,1474,191
NZ_MT874924.1,1475,191
NZ_MT874924.1,1476,191
NZ_MT874924.1,1477,191
NZ_MT874924.1,1478,191
NZ_MT874924.1,1479,191
NZ_MT874924.1,1480,191
NZ_MT874924.1,1481,191
NZ_MT874924.1,1482,191
NZ_MT874924.1,1483,191
NZ_MT874924.1,1484,191
NZ_MT874924.1,1485,191
NZ_MT874924.1,1486,191
NZ_MT874924.1,1487,191
NZ_MT874924.1,1488,191
NZ_MT874924.1,1489,191
NZ_MT874924.1,1490,191
NZ_MT874924.1,1491,191
NZ_MT874924.1,1492,191
NZ_MT874924.1,1493,191
NZ_MT874924.1,1494,191
NZ_MT874924.1,1495,191
NZ_MT874924.1,1496,191
NZ_MT874924.1,1497,191
NZ_MT874924.1,1498,191
NZ_MT874924.1,1499,191
NZ_MT874924.1,1500,191
NZ_MT874924.1,1501,191
NZ_MT874924.1,1502,191
NZ_MT874924.1,1503,191
NZ_MT874924.1,1504,191
NZ_MT874924.1,1505,191
NZ_MT874924.1,1506,191
NZ_MT874924.1,1507,191
NZ_MT874924.1,1508,191
NZ_MT874924.1,1509,191
NZ_MT874924.1,1510,191
NZ_MT874924.1,1511,191
NZ_MT874924.1,1512,191
NZ_MT874924.1,1513,191
NZ_MT874924.1,1514,191
NZ_MT874924.1,1515,191
NZ_MT874924.1,1516,191
NZ_MT874924.1,1517,191
NZ_MT874924.1,1518,191
NZ_MT874924.1,1519,191
NZ_MT874924.1,1520,191
NZ_MT874924.1,1521,191
NZ_MT874924.1,1522,191
NZ_MT874924.1,1523,191
NZ_MT874924.1,1524,191
NZ_MT874924.1,1525,191
NZ_MT874924.1,1526,191
NZ_MT874924.1,1527,191
NZ_MT874924.1,1528,191
NZ_MT874924.1,1529,191
NZ_MT874924.1,1530,191
NZ_MT874924.1,1531,191
NZ_MT874924.1,1532,191
NZ_MT874924.1,1533,191
NZ_MT874924.1,1534,191
NZ_MT874924.1,1535,191
NZ_MT874924.1,1536,191
NZ_MT874924.1,1537,191
NZ_MT874924.1,1538,191
NZ_MT874924.1,1539,191
NZ_MT874924.1,1540,191
NZ_MT874924.1,1541,191
NZ_MT874924.1,1542,191
NZ_MT874924.1,1543,191
NZ_MT874924.1,1544,191
NZ_MT874924.1,1545,191
NZ_MT874924.1,1546,191
NZ_MT874924.1,1547,191
NZ_MT874924.1,1548,191
NZ_MT874924.1,1549,191
NZ_MT874924.1,1550,191
NZ_MT874924.1,1551,191
NZ_MT874924.1,1552,191
NZ_MT874924.1,1553,191
NZ_MT874924.1,1554,191
NZ_MT874924.1,1555,191
NZ_MT874924.1,1556,191
NZ_MT874924.1,1557,191
NZ_MT874924.1,1558,191
NZ_MT874924.1,1559,191
NZ_MT874924.1,1560,191
NZ_MT874924.1,1561,191
NZ_MT874924.1,1562,191
NZ_MT874924.1,1563,191
NZ_MT874924.1,1564,191
NZ_MT874924.1,1565,191
NZ_MT874924.1,1566,191
NZ_MT874924.1,1567,191
NZ_MT874924.1,1568,191
NZ_MT874924.1,1569,191
NZ_MT874924.1,1570,191
NZ_MT874924.1,1571,191
NZ_MT874924.1,1572,191
NZ_MT874924.1,1573,191
NZ_MT874924.1,1574,191
NZ_MT874924.1,1575,191
NZ_MT874924.1,1576,191
NZ_MT874924.1,1577,191
NZ_MT874924.1,1578,191
NZ_MT874924.1,1579,191
NZ_MT874924.1,1580,191
NZ_MT874924.1,1581,191
NZ_MT874924.1,1582,191
NZ_MT874924.1,1583,191
NZ_MT874924.1,1584,191
NZ_MT874924.1,1585,191
NZ_MT874924.1,1586,191
NZ_MT874924.1,1587,191
NZ_MT874924.1,1588,191
NZ_MT874924.1,1589,191
NZ_MT874924.1,1590,191
NZ_MT874924.1,1591,191
NZ_MT874924.1,1592,191
NZ_MT874924.1,1593,191
NZ_MT874924.1,1594,191
NZ_MT874924.1,1595,191
NZ_MT874924.1,1596,191
NZ_MT874924.1,1597,191
NZ_MT874924.1,1598,191
NZ_MT874924.1,1599,191
NZ_MT874924.1,1600,191
NZ_MT874924.1,1601,191
NZ_MT874924.1,1602,191
NZ_MT874924.1,1603,191
NZ_MT874924.1,1604,192
NZ_MT874924.1,1605,192
NZ_MT874924.1,1606,192
NZ_MT874924.1,1607,192
NZ_MT874924.1,1608,192
NZ_MT874924.1,1609,192
NZ_MT874924.1,1610,192
NZ_MT874924.1,1611,192
NZ_MT874924.1,1612,192
NZ_MT874924.1,1613,192
NZ_MT874924.1,1614,192
NZ_MT874924.1,1615,192
NZ_MT874924.1,1616,192
NZ_MT874924.1,1617,192
NZ_MT874924.1,1618,192
NZ_MT874924.1,1619,192
NZ_MT874924.1,1620,192
NZ_MT874924.1,1621,192
NZ_MT874924.1,1622,193
NZ_MT874924.1,1623,193
NZ_MT874924.1,1624,193
NZ_MT874924.1,1625,193
NZ_MT874924.1,1626,193
NZ_MT874924.1,1627,193
NZ_MT874924.1,1628,193
NZ_MT874924.1,1629,193
NZ_MT874924.1,1630,193
NZ_MT874924.1,1631,193
NZ_MT874924.1,1632,193
NZ_MT874924.1,1633,193
NZ_MT874924.1,1634,193
NZ_MT874924.1,1635,193
NZ_MT874924.1,1636,193
NZ_MT874924.1,1637,193
NZ_MT874924.1,1638,193
NZ_MT874924.1,1639,193
NZ_MT874924.1,1640,193
NZ_MT874924.1,1641,193
NZ_MT874924.1,1642,193
NZ_MT874924.1,1643,193
NZ_MT874924.1,1644,193
NZ_MT874924.1,1645,193
NZ_MT874924.1,1646,193
NZ_MT874924.1,1647,193
NZ_MT874924.1,1648,193
NZ_MT874924.1,1649,193
NZ_MT874924.1,1650,193
NZ_MT874924.1,1651,193
NZ_MT874924.1,1652,193
NZ_MT874924.1,1653,193
NZ_MT874924.1,1654,193
NZ_MT874924.1,1655,193
NZ_MT874924.1,1656,193
NZ_MT874924.1,1657,193
NZ_MT874924.1,1658,193
NZ_MT874924.1,1659,193
NZ_MT874924.1,1660,193
NZ_MT874924.1,1661,193
NZ_MT874924.1,1662,193
NZ_MT874924.1,1663,193
NZ_MT874924.1,1664,193
NZ_MT874924.1,1665,193
NZ_MT874924.1,1666,193
NZ_MT874924.1,1667,193
NZ_MT874924.1,1668,193
NZ_MT874924.1,1669,193
NZ_MT874924.1,1670,193
NZ_MT874924.1,1671,193
NZ_MT874924.1,1672,193
NZ_MT874924.1,1673,193
NZ_MT874924.1,1674,193
NZ_MT874924.1,1675,193
NZ_MT874924.1,1676,193
NZ_MT874924.1,1677,193
NZ_MT874924.1,1678,193
NZ_MT874924.1,1679,193
NZ_MT874924.1,1680,193
NZ_MT874924.1,1681,193
NZ_MT874924.1,1682,193
NZ_MT874924.1,1683,193
NZ_MT874924.1,1684,193
NZ_MT874924.1,1685,193
NZ_MT874924.1,1686,193
NZ_MT874924.1,1687,193
NZ_MT874924.1,1688,193
NZ_MT874924.1,1689,193
NZ_MT874924.1,1690,193
NZ_MT874924.1,1691,193
NZ_MT874924.1,1692,193
NZ_MT874924.1,1693,193
NZ_MT874924.1,1694,193
NZ_MT874924.1,1695,193
NZ_MT874924.1,1696,193
NZ_MT874924.1,1697,193
NZ_MT874924.1,1698,193
NZ_MT874924.1,1699,193
NZ_MT874924.1,1700,193
NZ_MT874924.1,1701,193
NZ_MT874924.1,1702,193
NZ_MT874924.1,1703,193
NZ_MT874924.1,1704,193
NZ_MT874924.1,1705,193
NZ_MT874924.1,1706,193
NZ_MT874924.1,1707,193
NZ_MT874924.1,1708,193
NZ_MT874924.1,1709,193
NZ_MT874924.1,1710,193
NZ_MT874924.1,1711,193
NZ_MT874924.1,1712,193
NZ_MT874924.1,1713,193
NZ_MT874924.1,1714,193
NZ_MT874924.1,1715,193
NZ_MT874924.1,1716,193
NZ_MT874924.1,1717,193
NZ_MT874924.1,1718,193
NZ_MT874924.1,1719,193
NZ_MT874924.1,1720,193
NZ_MT874924.1,1721,193
NZ_MT874924.1,1722,193
NZ_MT874924.1,1723,193
NZ_MT874924.1,1724,193
NZ_MT874924.1,1725,193
NZ_MT874924.1,1726,193
NZ_MT874924.1,1727,193
NZ_MT874924.1,1728,194
NZ_MT874924.1,1729,194
NZ_MT874924.1,1730,194
NZ_MT874924.1,1731,194
NZ_MT874924.1,1732,194
NZ_MT874924.1,1733,194
NZ_MT874924.1,1734,194
NZ_MT874924.1,1735,194
NZ_MT874924.1,1736,194
NZ_MT874924.1,1737,194
NZ_MT874924.1,1738,194
NZ_MT874924.1,1739,194
NZ_MT874924.1,1740,194
NZ_MT874924.1,1741,194
NZ_MT874924.1,1742,194
NZ_MT874924.1,1743,194
NZ_MT874924.1,1744,194
NZ_MT874924.1,1745,194
NZ_MT874924.1,1746,194
NZ_MT874924.1,1747,194
NZ_MT874924.1,1748,194
NZ_MT874924.1,1749,194
NZ_MT874924.1,1750,194
NZ_MT874924.1,1751,194
NZ_MT874924.1,1752,194
NZ_MT874924.1,1753,194
NZ_MT874924.1,1754,194
NZ_MT874924.1,1755,194
NZ_MT874924.1,1756,194
NZ_MT874924.1,1757,194
NZ_MT874924.1,1758,194
NZ_MT874924.1,1759,194
NZ_MT874924.1,1760,194
NZ_MT874924.1,1761,194
NZ_MT874924.1,1762,194
NZ_MT874924.1,1763,194
NZ_MT874924.1,1764,194
NZ_MT874924.1,1765,194
NZ_MT874924.1,1766,194
NZ_MT874924.1,1767,197
NZ_MT874924.1,1768,197
NZ_MT874924.1,1769,197
NZ_MT874924.1,1770,197
NZ_MT874924.1,1771,197
NZ_MT874924.1,1772,197
NZ_MT874924.1,1773,197
NZ_MT874924.1,1774,197
NZ_MT874924.1,1775,197
NZ_MT874924.1,1776,197
NZ_MT874924.1,1777,197
NZ_MT874924.1,1778,197
NZ_MT874924.1,1779,197
NZ_MT874924.1,1780,197
NZ_MT874924.1,1781,197
NZ_MT874924.1,1782,197
NZ_MT874924.1,1783,197
NZ_MT874924.1,1784,197
NZ_MT874924.1,1785,197
NZ_MT874924.1,1786,197
NZ_MT874924.1,1787,197
NZ_MT874924.1,1788,197
NZ_MT874924.1,1789,197
NZ_MT874924.1,1790,197
NZ_MT874924.1,1791,197
NZ_MT874924.1,1792,197
NZ_MT874924.1,1793,197
NZ_MT874924.1,1794,197
NZ_MT874924.1,1795,197
NZ_MT874924.1,1796,197
NZ_MT874924.1,1797,197
NZ_MT874924.1,1798,197
NZ_MT874924.1,1799,197
NZ_MT874924.1,1800,197
NZ_MT874924.1,1801,197
NZ_MT874924.1,1802,197
NZ_MT874924.1,1803,197
NZ_MT874924.1,1804,197
NZ_MT874924.1,1805,197
NZ_MT874924.1,1806,197
NZ_MT874924.1,1807,197
NZ_MT874924.1,1808,197
NZ_MT874924.1,1809,197
NZ_MT874924.1,1810,197
NZ_MT874924.1,1811,197
NZ_MT874924.1,1812,197
NZ_MT874924.1,1813,197
NZ_MT874924.1,1814,197
NZ_MT874924.1,1815,197
NZ_MT874924.1,1816,197
NZ_MT874924.1,1817,197
NZ_MT874924.1,1818,197
NZ_MT874924.1,1819,197
NZ_MT874924.1,1820,197
NZ_MT874924.1,1821,197
NZ_MT874924.1,1822,197
NZ_MT874924.1,1823,197
NZ_MT874924.1,1824,197
NZ_MT874924.1,1825,197
NZ_MT874924.1,1826,197
NZ_MT874924.1,1827,197
NZ_MT874924.1,1828,197
NZ_MT874924.1,1829,197
NZ_MT874924.1,1830,197
NZ_MT874924.1,1831,197
NZ_MT874924.1,1832,197
NZ_MT874924.1,1833,197
NZ_MT874924.1,1834,197
NZ_MT874924.1,1835,197
NZ_MT874924.1,1836,197
NZ_MT874924.1,1837,197
NZ_MT874924.1,1838,197
NZ_MT874924.1,1839,197
NZ_MT874924.1,1840,197
NZ_MT874924.1,1841,197
NZ_MT874924.1,1842,197
NZ_MT874924.1,1843,197
NZ_MT874924.1,1844,197
NZ_MT874924.1,1845,197
NZ_MT874924.1,1846,197
NZ_MT874924.1,1847,197
NZ_MT874924.1,1848,197
NZ_MT874924.1,1849,197
NZ_MT874924.1,1850,197
NZ_MT874924.1,1851,197
NZ_MT874924.1,1852,197
NZ_MT874924.1,1853,197
NZ_MT874924.1,1854,197
NZ_MT874924.1,1855,197
NZ_MT874924.1,1856,197
NZ_MT874924.1,1857,197
NZ_MT874924.1,1858,197
NZ_MT874924.1,1859,197
NZ_MT874924.1,1860,197
NZ_MT874924.1,1861,197
NZ_MT874924.1,1862,197
NZ_MT874924.1,1863,197
NZ_MT874924.1,1864,197
NZ_MT874924.1,1865,197
NZ_MT874924.1,1866,197
NZ_MT874924.1,1867,197
NZ_MT874924.1,1868,197
NZ_MT874924.1,1869,197
NZ_MT874924.1,1870,197
NZ_MT874924.1,1871,197
NZ_MT874924.1,1872,197
NZ_MT874924.1,1873,197
NZ_MT874924.1,1874,197
NZ_MT874924.1,1875,197
NZ_MT874924.1,1876,197
NZ_MT874924.1,1877,197
NZ_MT874924.1,1878,197
NZ_MT874924.1,1879,197
NZ_MT874924.1,1880,197
NZ_MT874924.1,1881,197
NZ_MT874924.1,1882,197
NZ_MT874924.1,1883,197
NZ_MT874924.1,1884,197
NZ_MT874924.1,1885,197
NZ_MT874924.1,1886,197
NZ_MT874924.1,1887,197
NZ_MT874924.1,1888,197
NZ_MT874924.1,1889,197
NZ_MT874924.1,1890,197
NZ_MT874924.1,1891,197
NZ_MT874924.1,1892,197
NZ_MT874924.1,1893,197
NZ_MT874924.1,1894,197
NZ_MT874924.1,1895,197
NZ_MT874924.1,1896,197
NZ_MT874924.1,1897,197
NZ_MT874924.1,1898,197
NZ_MT874924.1,1899,197
NZ_MT874924.1,1900,197
NZ_MT874924.1,1901,197
NZ_MT874924.1,1902,197
NZ_MT874924.1,1903,197
NZ_MT874924.1,1904,197
NZ_MT874924.1,1905,197
NZ_MT874924.1,1906,197
NZ_MT874924.1,1907,197
NZ_MT874924.1,1908,197
NZ_MT874924.1,1909,197
NZ_MT874924.1,1910,197
NZ_MT874924.1,1911,197
NZ_MT874924.1,1912,197
NZ_MT874924.1,1913,197
NZ_MT874924.1,1914,197
NZ_MT874924.1,1915,197
NZ_MT874924.1,1916,197
NZ_MT874924.1,1917,198
NZ_MT874924.1,1918,198
NZ_MT874924.1,1919,198
NZ_MT874924.1,1920,198
NZ_MT874924.1,1921,198
NZ_MT874924.1,1922,198
NZ_MT874924.1,1923,198
NZ_MT874924.1,1924,198
NZ_MT874924.1,1925,198
NZ_MT874924.1,1926,198
NZ_MT874924.1,1927,198
NZ_MT874924.1,1928,198
NZ_MT874924.1,1929,198
NZ_MT874924.1,1930,198
NZ_MT874924.1,1931,198
NZ_MT874924.1,1932,198
NZ_MT874924.1,1933,198
NZ_MT874924.1,1934,198
NZ_MT874924.1,1935,198
NZ_MT874924.1,1936,198
NZ_MT874924.1,1937,198
NZ_MT874924.1,1938,198
NZ_MT874924.1,1939,198
NZ_MT874924.1,1940,198
NZ_MT874924.1,1941,198
NZ_MT874924.1,1942,198
NZ_MT874924.1,1943,198
NZ_MT874924.1,1944,198
NZ_MT874924.1,1945,198
NZ_MT874924.1,1946,198
NZ_MT874924.1,1947,198
NZ_MT874924.1,1948,198
NZ_MT874924.1,1949,198
NZ_MT874924.1,1950,198
NZ_MT874924.1,1951,198
NZ_MT874924.1,1952,198
NZ_MT874924.1,1953,198
NZ_MT874924.1,1954,198
NZ_MT874924.1,1955,198
NZ_MT874924.1,1956,198
NZ_MT874924.1,1957,198
NZ_MT874924.1,1958,198
NZ_MT874924.1,1959,198
NZ_MT874924.1,1960,198
NZ_MT874924.1,1961,198
NZ_MT874924.1,1962,198
NZ_MT874924.1,1963,198
NZ_MT874924.1,1964,198
NZ_MT874924.1,1965,198
NZ_MT874924.1,1966,198
NZ_MT874924.1,1967,198
NZ_MT874924.1,1968,198
NZ_MT874924.1,1969,198
NZ_MT874924.1,1970,198
NZ_MT874924.1,1971,198
NZ_MT874924.1,1972,198
NZ_MT874924.1,1973,198
NZ_MT874924.1,1974,198
NZ_MT874924.1,1975,198
NZ_MT874924.1,1976,198
NZ_MT874924.1,1977,198
NZ_MT874924.1,1978,198
NZ_MT874924.1,1979,198
NZ_MT874924.1,1980,198
NZ_MT874924.1,1981,198
NZ_MT874924.1,1982,198
NZ_MT874924.1,1983,198
NZ_MT874924.1,1984,198
NZ_MT874924.1,1985,198
NZ_MT874924.1,1986,198
NZ_MT874924.1,1987,199
NZ_MT874924.1,1988,199
NZ_MT874924.1,1989,199
NZ_MT874924.1,1990,199
NZ_MT874924.1,1991,199
NZ_MT874924.1,1992,199
NZ_MT874924.1,1993,199
NZ_MT874924.1,1994,199
NZ_MT874924.1,1995,199
NZ_MT874924.1,1996,200
NZ_MT874924.1,1997,200
NZ_MT874924.1,1998,200
NZ_MT874924.1,1999,200
NZ_MT874924.1,2000,200
NZ_MT874924.1,2001,200
NZ_MT874924.1,2002,200
NZ_MT874924.1,2003,200
NZ_MT874924.1,2004,200
NZ_MT874924.1,2005,200
NZ_MT874924.1,2006,200
NZ_MT874924.1,2007,200
NZ_MT874924.1,2008,200
NZ_MT874924.1,2009,200
NZ_MT874924.1,2010,200
NZ_MT874924.1,2011,200
NZ_MT874924.1,2012,200
NZ_MT874924.1,2013,200
NZ_MT874924.1,2014,200
NZ_MT874924.1,2015,200
NZ_MT874924.1,2016,200
NZ_MT874924.1,2017,200
NZ_MT874924.1,2018,200
NZ_MT874924.1,2019,200
NZ_MT874924.1,2020,200
NZ_MT874924.1,2021,200
NZ_MT874924.1,2022,211
NZ_MT874924.1,2023,211
NZ_MT874924.1,2024,211
NZ_MT874924.1,2025,211
NZ_MT874924.1,2026,211
NZ_MT874924.1,2027,211
NZ_MT874924.1,2028,211
NZ_MT874924.1,2029,211
NZ_MT874924.1,2030,211
NZ_MT874924.1,2031,211
NZ_MT874924.1,2032,211
NZ_MT874924.1,2033,211
NZ_MT874924.1,2034,211
NZ_MT874924.1,2035,211
NZ_MT874924.1,2036,211
NZ_MT874924.1,2037,212
NZ_MT874924.1,2038,212
NZ_MT874924.1,2039,212
NZ_MT874924.1,2040,212
NZ_MT874924.1,2041,212
NZ_MT874924.1,2042,212
NZ_MT874924.1,2043,212
NZ_MT874924.1,2044,212
NZ_MT874924.1,2045,212
NZ_MT874924.1,2046,212
NZ_MT874924.1,2047,212
NZ_MT874924.1,2048,212
NZ_MT874924.1,2049,212
NZ_MT874924.1,2050,212
NZ_MT874924.1,2051,212
NZ_MT874924.1,2052,212
NZ_MT874924.1,2053,212
NZ_MT874924.1,2054,212
NZ_MT874924.1,2055,212
NZ_MT874924.1,2056,212
NZ_MT874924.1,2057,212
NZ_MT874924.1,2058,212
NZ_MT874924.1,2059,212
NZ_MT874924.1,2060,212
NZ_MT874924.1,2061,212
NZ_MT874924.1,2062,212
NZ_MT874924.1,2063,212
NZ_MT874924.1,2064,213
NZ_MT874924.1,2065,213
NZ_MT874924.1,2066,213
NZ_MT874924.1,2067,213
NZ_MT874924.1,2068,213
NZ_MT874924.1,2069,213
NZ_MT874924.1,2070,213
NZ_MT874924.1,2071,213
NZ_MT874924.1,2072,213
NZ_MT874924.1,2073,213
NZ_MT874924.1,2074,213
NZ_MT874924.1,2075,213
NZ_MT874924.1,2076,213
NZ_MT874924.1,2077,213
NZ_MT874924.1,2078,213
NZ_MT874924.1,2079,213
NZ_MT874924.1,2080,213
NZ_MT874924.1,2081,213
NZ_MT874924.1,2082,213
NZ_MT874924.1,2083,213
NZ_MT874924.1,2084,213
NZ_MT874924.1,2085,213
NZ_MT874924.1,2086,213
NZ_MT874924.1,2087,213
NZ_MT874924.1,2088,213
NZ_MT874924.1,2089,213
NZ_MT874924.1,2090,213
NZ_MT874924.1,2091,213
NZ_MT874924.1,2092,213
NZ_MT874924.1,2093,213
NZ_MT874924.1,2094,213
NZ_MT874924.1,2095,213
NZ_MT874924.1,2096,213
NZ_MT874924.1,2097,213
NZ_MT874924.1,2098,213
NZ_MT874924.1,2099,213
NZ_MT874924.1,2100,213
NZ_MT874924.1,2101,213
NZ_MT874924.1,2102,213
NZ_MT874924.1,2103,213
NZ_MT874924.1,2104,213
NZ_MT874924.1,2105,213
NZ_MT874924.1,2106,213
NZ_MT874924.1,2107,213
NZ_MT874924.1,2108,213
NZ_MT874924.1,2109,213
NZ_MT874924.1,2110,213
NZ_MT874924.1,2111,213
NZ_MT874924.1,2112,213
NZ_MT874924.1,2113,213
NZ_MT874924.1,2114,213
NZ_MT874924.1,2115,213
NZ_MT874924.1,2116,213
NZ_MT874924.1,2117,213
NZ_MT874924.1,2118,213
NZ_MT874924.1,2119,213
NZ_MT874924.1,2120,213
NZ_MT874924.1,2121,213
NZ_MT874924.1,2122,213
NZ_MT874924.1,2123,213
NZ_MT874924.1,2124,213
NZ_MT874924.1,2125,213
NZ_MT874924.1,2126,213
NZ_MT874924.1,2127,213
NZ_MT874924.1,2128,213
NZ_MT874924.1,2129,213
NZ_MT874924.1,2130,213
NZ_MT874924.1,2131,213
NZ_MT874924.1,2132,213
NZ_MT874924.1,2133,213
NZ_MT874924.1,2134,213
NZ_MT874924.1,2135,213
NZ_MT874924.1,2136,363
NZ_MT874924.1,2137,367
NZ_MT874924.1,2138,367
NZ_MT874924.1,2139,367
NZ_MT874924.1,2140,367
NZ_MT874924.1,2141,367
NZ_MT874924.1,2142,367
NZ_MT874924.1,2143,367
NZ_MT874924.1,2144,367
NZ_MT874924.1,2145,367
NZ_MT874924.1,2146,367
NZ_MT874924.1,2147,367
NZ_MT874924.1,2148,367
NZ_MT874924.1,2149,367
NZ_MT874924.1,2150,367
NZ_MT874924.1,2151,367
NZ_MT874924.1,2152,367
NZ_MT874924.1,2153,367
NZ_MT874924.1,2154,367
NZ_MT874924.1,2155,367
NZ_MT874924.1,2156,367
NZ_MT874924.1,2157,367
NZ_MT874924.1,2158,367
NZ_MT874924.1,2159,367
NZ_MT874924.1,2160,367
NZ_MT874924.1,2161,367
NZ_MT874924.1,2162,367
NZ_MT874924.1,2163,367
NZ_MT874924.1,2164,367
NZ_MT874924.1,2165,367
NZ_MT874924.1,2166,367
NZ_MT874924.1,2167,367
NZ_MT874924.1,2168,367
NZ_MT874924.1,2169,367
NZ_MT874924.1,2170,367
NZ_MT874924.1,2171,367
NZ_MT874924.1,2172,367
NZ_MT874924.1,2173,367
NZ_MT874924.1,2174,367
NZ_MT874924.1,2175,367
NZ_MT874924.1,2176,367
NZ_MT874924.1,2177,367
NZ_MT874924.1,2178,367
NZ_MT874924.1,2179,367
NZ_MT874924.1,2180,367
NZ_MT874924.1,2181,367
NZ_MT874924.1,2182,367
NZ_MT874924.1,2183,367
NZ_MT874924.1,2184,367
NZ_MT874924.1,2185,367
NZ_MT874924.1,2186,367
NZ_MT874924.1,2187,367
NZ_MT874924.1,2188,367
NZ_MT874924.1,2189,367
NZ_MT874924.1,2190,367
NZ_MT874924.1,2191,367
NZ_MT874924.1,2192,367
NZ_MT874924.1,2193,367
NZ_MT874924.1,2194,367
NZ_MT874924.1,2195,367
NZ_MT874924.1,2196,367
NZ_MT874924.1,2197,367
NZ_MT874924.1,2198,367
NZ_MT874924.1,2199,367
NZ_MT874924.1,2200,367
NZ_MT874924.1,2201,367
NZ_MT874924.1,2202,367
NZ_MT874924.1,2203,367
NZ_MT874924.1,2204,367
NZ_MT874924.1,2205,367
NZ_MT874924.1,2206,367
NZ_MT874924.1,2207,367
NZ_MT874924.1,2208,367
NZ_MT874924.1,2209,367
NZ_MT874924.1,2210,367
NZ_MT874924.1,2211,367
NZ_MT874924.1,2212,367
NZ_MT874924.1,2213,367
NZ_MT874924.1,2214,367
NZ_MT874924.1,2215,367
NZ_MT874924.1,2216,382
NZ_MT874924.1,2217,383
NZ_MT874924.1,2218,383
NZ_MT874924.1,2219,384
NZ_MT874924.1,2220,384
NZ_MT874924.1,2221,384
NZ_MT874924.1,2222,384
NZ_MT874924.1,2223,384
NZ_MT874924.1,2224,385
NZ_MT874924.1,2225,385
NZ_MT874924.1,2226,385
NZ_MT874924.1,2227,385
NZ_MT874924.1,2228,389
NZ_MT874924.1,2229,390
NZ_MT874924.1,2230,390
NZ_MT874924.1,2231,394
NZ_MT874924.1,2232,394
NZ_MT874924.1,2233,394
NZ_MT874924.1,2234,394
NZ_MT874924.1,2235,394
NZ_MT874924.1,2236,394
NZ_MT874924.1,2237,394
NZ_MT874924.1,2238,394
NZ_MT874924.1,2239,394
NZ_MT874924.1,2240,394
NZ_MT874924.1,2241,394
NZ_MT874924.1,2242,394
NZ_MT874924.1,2243,394
NZ_MT874924.1,2244,394
NZ_MT874924.1,2245,394
NZ_MT874924.1,2246,394
NZ_MT874924.1,2247,394
NZ_MT874924.1,2248,394
NZ_MT874924.1,2249,394
NZ_MT874924.1,2250,394
NZ_MT874924.1,2251,394
NZ_MT874924.1,2252,394
NZ_MT874924.1,2253,394
NZ_MT874924.1,2254,394
NZ_MT874924.1,2255,394
NZ_MT874924.1,2256,394
NZ_MT874924.1,2257,394
NZ_MT874924.1,2258,395
NZ_MT874924.1,2259,395
NZ_MT874924.1,2260,395
NZ_MT874924.1,2261,395
NZ_MT874924.1,2262,395
NZ_MT874924.1,2263,395
NZ_MT874924.1,2264,395
NZ_MT874924.1,2265,395
NZ_MT874924.1,2266,395
NZ_MT874924.1,2267,395
NZ_MT874924.1,2268,395
NZ_MT874924.1,2269,395
NZ_MT874924.1,2270,395
NZ_MT874924.1,2271,395
NZ_MT874924.1,2272,395
NZ_MT874924.1,2273,395
NZ_MT874924.1,2274,395
NZ_MT874924.1,2275,395
NZ_MT874924.1,2276,395
NZ_MT874924.1,2277,395
NZ_MT874924.1,2278,395
NZ_MT874924.1,2279,395
NZ_MT874924.1,2280,396
NZ_MT874924.1,2281,396
NZ_MT874924.1,2282,396
NZ_MT874924.1,2283,396
NZ_MT874924.1,2284,396
NZ_MT874924.1,2285,396
NZ_MT874924.1,2286,397
NZ_MT874924.1,2287,398
NZ_MT874924.1,2288,398
NZ_MT874924.1,2289,398
NZ_MT874924.1,2290,398
NZ_MT874924.1,2291,398
NZ_MT874924.1,2292,398
NZ_MT874924.1,2293,398
NZ_MT874924.1,2294,398
NZ_MT874924.1,2295,383
NZ_MT874924.1,2296,398
NZ_MT874924.1,2297,397
NZ_MT874924.1,2298,398
NZ_MT874924.1,2299,398
NZ_MT874924.1,2300,398
NZ_MT874924.1,2301,398
NZ_MT874924.1,2302,398
NZ_MT874924.1,2303,398
NZ_MT874924.1,2304,398
NZ_MT874924.1,2305,398
NZ_MT874924.1,2306,398
NZ_MT874924.1,2307,398
NZ_MT874924.1,2308,398
NZ_MT874924.1,2309,398
NZ_MT874924.1,2310,398
NZ_MT874924.1,2311,398
NZ_MT874924.1,2312,398
NZ_MT874924.1,2313,398
NZ_MT874924.1,2314,398
NZ_MT874924.1,2315,398
NZ_MT874924.1,2316,398
NZ_MT874924.1,2317,398
NZ_MT874924.1,2318,398
NZ_MT874924.1,2319,398
NZ_MT874924.1,2320,398
NZ_MT874924.1,2321,398
NZ_MT874924.1,2322,398
NZ_MT874924.1,2323,398
NZ_MT874924.1,2324,398
NZ_MT874924.1,2325,398
NZ_MT874924.1,2326,398
NZ_MT874924.1,2327,398
NZ_MT874924.1,2328,398
NZ_MT874924.1,2329,398
NZ_MT874924.1,2330,398
NZ_MT874924.1,2331,398
NZ_MT874924.1,2332,398
NZ_MT874924.1,2333,398
NZ_MT874924.1,2334,398
NZ_MT874924.1,2335,398
NZ_MT874924.1,2336,398
NZ_MT874924.1,2337,398
NZ_MT874924.1,2338,406
NZ_MT874924.1,2339,406
NZ_MT874924.1,2340,406
NZ_MT874924.1,2341,406
NZ_MT874924.1,2342,406
NZ_MT874924.1,2343,406
NZ_MT874924.1,2344,406
NZ_MT874924.1,2345,406
NZ_MT874924.1,2346,406
NZ_MT874924.1,2347,406
NZ_MT874924.1,2348,406
NZ_MT874924.1,2349,406
NZ_MT874924.1,2350,406
NZ_MT874924.1,2351,406
NZ_MT874924.1,2352,409
NZ_MT874924.1,2353,409
NZ_MT874924.1,2354,409
NZ_MT874924.1,2355,409
NZ_MT874924.1,2356,409
NZ_MT874924.1,2357,409
NZ_MT874924.1,2358,410
NZ_MT874924.1,2359,410
NZ_MT874924.1,2360,410
NZ_MT874924.1,2361,410
NZ_MT874924.1,2362,414
NZ_MT874924.1,2363,414
NZ_MT874924.1,2364,414
NZ_MT874924.1,2365,414
NZ_MT874924.1,2366,414
NZ_MT874924.1,2367,414
NZ_MT874924.1,2368,414
NZ_MT874924.1,2369,414
NZ_MT874924.1,2370,414
NZ_MT874924.1,2371,414
NZ_MT874924.1,2372,414
NZ_MT874924.1,2373,414
NZ_MT874924.1,2374,414
NZ_MT874924.1,2375,414
NZ_MT874924.1,2376,414
NZ_MT874924.1,2377,414
NZ_MT874924.1,2378,415
NZ_MT874924.1,2379,415
NZ_MT874924.1,2380,415
NZ_MT874924.1,2381,415
NZ_MT874924.1,2382,415
NZ_MT874924.1,2383,415
NZ_MT874924.1,2384,415
NZ_MT874924.1,2385,415
NZ_MT874924.1,2386,415
NZ_MT874924.1,2387,415
NZ_MT874924.1,2388,415
NZ_MT874924.1,2389,415
NZ_MT874924.1,2390,415
NZ_MT874924.1,2391,415
NZ_MT874924.1,2392,415
NZ_MT874924.1,2393,415
NZ_MT874924.1,2394,415
NZ_MT874924.1,2395,415
NZ_MT874924.1,2396,415
NZ_MT874924.1,2397,415
NZ_MT874924.1,2398,415
NZ_MT874924.1,2399,415
NZ_MT874924.1,2400,415
NZ_MT874924.1,2401,415
NZ_MT874924.1,2402,415
NZ_MT874924.1,2403,415
NZ_MT874924.1,2404,415
NZ_MT874924.1,2405,415
NZ_MT874924.1,2406,415
NZ_MT874924.1,2407,415
NZ_MT874924.1,2408,415
NZ_MT874924.1,2409,415
NZ_MT874924.1,2410,415
NZ_MT874924.1,2411,415
NZ_MT874924.1,2412,415
NZ_MT874924.1,2413,415
NZ_MT874924.1,2414,415
NZ_MT874924.1,2415,415
NZ_MT874924.1,2416,415
NZ_MT874924.1,2417,415
NZ_MT874924.1,2418,415
NZ_MT874924.1,2419,415
NZ_MT874924.1,2420,415
NZ_MT874924.1,2421,415
NZ_MT874924.1,2422,415
NZ_MT874924.1,2423,415
NZ_MT874924.1,2424,415
NZ_MT874924.1,2425,415
NZ_MT874924.1,2426,415
NZ_MT874924.1,2427,415
NZ_MT874924.1,2428,415
NZ_MT874924.1,2429,415
NZ_MT874924.1,2430,415
NZ_MT874924.1,2431,415
NZ_MT874924.1,2432,415
NZ_MT874924.1,2433,415
NZ_MT874924.1,2434,415
NZ_MT874924.1,2435,415
NZ_MT874924.1,2436,415
NZ_MT874924.1,2437,415
NZ_MT874924.1,2438,415
NZ_MT874924.1,2439,415
NZ_MT874924.1,2440,415
NZ_MT874924.1,2441,415
NZ_MT874924.1,2442,415
NZ_MT874924.1,2443,415
NZ_MT874924.1,2444,415
NZ_MT874924.1,2445,415
NZ_MT874924.1,2446,415
NZ_MT874924.1,2447,415
NZ_MT874924.1,2448,415
NZ_MT874924.1,2449,415
NZ_MT874924.1,2450,415
NZ_MT874924.1,2451,415
NZ_MT874924.1,2452,415
NZ_MT874924.1,2453,415
NZ_MT874924.1,2454,415
NZ_MT874924.1,2455,415
NZ_MT874924.1,2456,415
NZ_MT874924.1,2457,415
NZ_MT874924.1,2458,415
NZ_MT874924.1,2459,415
NZ_MT874924.1,2460,415
NZ_MT874924.1,2461,415
NZ_MT874924.1,2462,415
NZ_MT874924.1,2463,415
NZ_MT874924.1,2464,415
NZ_MT874924.1,2465,415
NZ_MT874924.1,2466,415
NZ_MT874924.1,2467,415
NZ_MT874924.1,2468,415
NZ_MT874924.1,2469,415
NZ_MT874924.1,2470,415
NZ_MT874924.1,2471,415
NZ_MT874924.1,2472,415
NZ_MT874924.1,2473,415
NZ_MT874924.1,2474,415
NZ_MT874924.1,2475,415
NZ_MT874924.1,2476,415
NZ_MT874924.1,2477,415
NZ_MT874924.1,2478,415
NZ_MT874924.1,2479,415
NZ_MT874924.1,2480,415
NZ_MT874924.1,2481,415
NZ_MT874924.1,2482,415
NZ_MT874924.1,2483,415
NZ_MT874924.1,2484,415
NZ_MT874924.1,2485,415
NZ_MT874924.1,2486,415
NZ_MT874924.1,2487,415
NZ_MT874924.1,2488,415
NZ_MT874924.1,2489,415
NZ_MT874924.1,2490,415
NZ_MT874924.1,2491,415
NZ_MT874924.1,2492,415
NZ_MT874924.1,2493,415
NZ_MT874924.1,2494,415
NZ_MT874924.1,2495,415
NZ_MT874924.1,2496,415
NZ_MT874924.1,2497,415
NZ_MT874924.1,2498,415
NZ_MT874924.1,2499,415
NZ_MT874924.1,2500,415
NZ_MT874924.1,2501,415
NZ_MT874924.1,2502,415
NZ_MT874924.1,2503,415
NZ_MT874924.1,2504,415
NZ_MT874924.1,2505,415
NZ_MT874924.1,2506,415
NZ_MT874924.1,2507,415
NZ_MT874924.1,2508,415
NZ_MT874924.1,2509,415
NZ_MT874924.1,2510,415
NZ_MT874924.1,2511,415
NZ_MT874924.1,2512,415
NZ_MT874924.1,2513,415
NZ_MT874924.1,2514,415
NZ_MT874924.1,2515,415
NZ_MT874924.1,2516,415
NZ_MT874924.1,2517,415
NZ_MT874924.1,2518,415
NZ_MT874924.1,2519,415
NZ_MT874924.1,2520,415
NZ_MT874924.1,2521,415
NZ_MT874924.1,2522,415
NZ_MT874924.1,2523,415
NZ_MT874924.1,2524,415
NZ_MT874924.1,2525,415
NZ_MT874924.1,2526,415
NZ_MT874924.1,2527,415
NZ_MT874924.1,2528,415
NZ_MT874924.1,2529,415
NZ_MT874924.1,2530,415
NZ_MT874924.1,2531,415
NZ_MT874924.1,2532,415
NZ_MT874924.1,2533,415
NZ_MT874924.1,2534,415
NZ_MT874924.1,2535,415
NZ_MT874924.1,2536,415
NZ_MT874924.1,2537,415
NZ_MT874924.1,2538,415
NZ_MT874924.1,2539,415
NZ_MT874924.1,2540,415
NZ_MT874924.1,2541,415
NZ_MT874924.1,2542,415
NZ_MT874924.1,2543,415
NZ_MT874924.1,2544,415
NZ_MT874924.1,2545,415
NZ_MT874924.1,2546,415
NZ_MT874924.1,2547,415
NZ_MT874924.1,2548,415
NZ_MT874924.1,2549,415
NZ_MT874924.1,2550,415
NZ_MT874924.1,2551,415
NZ_MT874924.1,2552,415
NZ_MT874924.1,2553,415
NZ_MT874924.1,2554,415
NZ_MT874924.1,2555,415
NZ_MT874924.1,2556,415
NZ_MT874924.1,2557,415
NZ_MT874924.1,2558,415
NZ_MT874924.1,2559,415
NZ_MT874924.1,2560,415
NZ_MT874924.1,2561,415
NZ_MT874924.1,2562,415
NZ_MT874924.1,2563,415
NZ_MT874924.1,2564,415
NZ_MT874924.1,2565,415
NZ_MT874924.1,2566,415
NZ_MT874924.1,2567,415
NZ_MT874924.1,2568,415
NZ_MT874924.1,2569,415
NZ_MT874924.1,2570,415
NZ_MT874924.1,2571,415
NZ_MT874924.1,2572,415
NZ_MT874924.1,2573,415
NZ_MT874924.1,2574,415
NZ_MT874924.1,2575,415
NZ_MT874924.1,2576,415
NZ_MT874924.1,2577,415
NZ_MT874924.1,2578,415
NZ_MT874924.1,2579,415
NZ_MT874924.1,2580,415
NZ_MT874924.1,2581,415
NZ_MT874924.1,2582,415
NZ_MT874924.1,2583,415
NZ_MT874924.1,2584,415
NZ_MT874924.1,2585,415
NZ_MT874924.1,2586,415
NZ_MT874924.1,2587,415
NZ_MT874924.1,2588,415
NZ_MT874924.1,2589,415
NZ_MT874924.1,2590,415
NZ_MT874924.1,2591,415
NZ_MT874924.1,2592,415
NZ_MT874924.1,2593,415
NZ_MT874924.1,2594,415
NZ_MT874924.1,2595,415
NZ_MT874924.1,2596,415
NZ_MT874924.1,2597,415
NZ_MT874924.1,2598,415
NZ_MT874924.1,2599,415
NZ_MT874924.1,2600,415
NZ_MT874924.1,2601,415
NZ_MT874924.1,2602,415
NZ_MT874924.1,2603,415
NZ_MT874924.1,2604,415
NZ_MT874924.1,2605,415
NZ_MT874924.1,2606,415
NZ_MT874924.1,2607,415
NZ_MT874924.1,2608,415
NZ_MT874924.1,2609,415
NZ_MT874924.1,2610,415
NZ_MT874924.1,2611,415
NZ_MT874924.1,2612,415
NZ_MT874924.1,2613,415
NZ_MT874924.1,2614,415
NZ_MT874924.1,2615,415
NZ_MT874924.1,2616,415
NZ_MT874924.1,2617,415
NZ_MT874924.1,2618,415
NZ_MT874924.1,2619,415
NZ_MT874924.1,2620,415
NZ_MT874924.1,2621,415
NZ_MT874924.1,2622,415
NZ_MT874924.1,2623,415
NZ_MT874924.1,2624,415
NZ_MT874924.1,2625,415
NZ_MT874924.1,2626,415
NZ_MT874924.1,2627,415
NZ_MT874924.1,2628,415
NZ_MT874924.1,2629,415
NZ_MT874924.1,2630,415
NZ_MT874924.1,2631,415
NZ_MT874924.1,2632,415
NZ_MT874924.1,2633,415
NZ_MT874924.1,2634,415
NZ_MT874924.1,2635,415
NZ_MT874924.1,2636,415
NZ_MT874924.1,2637,415
NZ_MT874924.1,2638,415
NZ_MT874924.1,2639,415
NZ_MT874924.1,2640,415
NZ_MT874924.1,2641,415
NZ_MT874924.1,2642,415
NZ_MT874924.1,2643,415
NZ_MT874924.1,2644,415
NZ_MT874924.1,2645,415
NZ_MT874924.1,2646,415
NZ_MT874924.1,2647,415
NZ_MT874924.1,2648,415
NZ_MT874924.1,2649,415
NZ_MT874924.1,2650,415
NZ_MT874924.1,2651,415
NZ_MT874924.1,2652,415
NZ_MT874924.1,2653,415
NZ_MT874924.1,2654,415
NZ_MT874924.1,2655,415
NZ_MT874924.1,2656,415
NZ_MT874924.1,2657,415
NZ_MT874924.1,2658,415
NZ_MT874924.1,2659,415
NZ_MT874924.1,2660,415
NZ_MT874924.1,2661,415
NZ_MT874924.1,2662,415
NZ_MT874924.1,2663,415
NZ_MT874924.1,2664,415
NZ_MT874924.1,2665,415
NZ_MT874924.1,2666,415
NZ_MT874924.1,2667,415
NZ_MT874924.1,2668,415
NZ_MT874924.1,2669,415
NZ_MT874924.1,2670,415
NZ_MT874924.1,2671,415
NZ_MT874924.1,2672,415
NZ_MT874924.1,2673,415
NZ_MT874924.1,2674,415
NZ_MT874924.1,2675,415
NZ_MT874924.1,2676,415
NZ_MT874924.1,2677,415
NZ_MT874924.1,2678,415
NZ_MT874924.1,2679,415
NZ_MT874924.1,2680,415
NZ_MT874924.1,2681,415
NZ_MT874924.1,2682,415
NZ_MT874924.1,2683,415
NZ_MT874924.1,2684,415
NZ_MT874924.1,2685,415
NZ_MT874924.1,2686,415
NZ_MT874924.1,2687,415
NZ_MT874924.1,2688,415
NZ_MT874924.1,2689,415
NZ_MT874924.1,2690,415
NZ_MT874924.1,2691,415
NZ_MT874924.1,2692,415
NZ_MT874924.1,2693,415
NZ_MT874924.1,2694,415
NZ_MT874924.1,2695,415
NZ_MT874924.1,2696,415
NZ_MT874924.1,2697,415
NZ_MT874924.1,2698,415
NZ_MT874924.1,2699,415
NZ_MT874924.1,2700,415
NZ_MT874924.1,2701,415
NZ_MT874924.1,2702,415
NZ_MT874924.1,2703,415
NZ_MT874924.1,2704,415
NZ_MT874924.1,2705,415
NZ_MT874924.1,2706,415
NZ_MT874924.1,2707,415
NZ_MT874924.1,2708,415
NZ_MT874924.1,2709,415
NZ_MT874924.1,2710,415
NZ_MT874924.1,2711,415
NZ_MT874924.1,2712,415
NZ_MT874924.1,2713,415
NZ_MT874924.1,2714,415
NZ_MT874924.1,2715,415
NZ_MT874924.1,2716,415
NZ_MT874924.1,2717,415
NZ_MT874924.1,2718,415
NZ_MT874924.1,2719,415
NZ_MT874924.1,2720,415
NZ_MT874924.1,2721,415
NZ_MT874924.1,2722,415
NZ_MT874924.1,2723,415
NZ_MT874924.1,2724,415
NZ_MT874924.1,2725,415
NZ_MT874924.1,2726,415
NZ_MT874924.1,2727,415
NZ_MT874924.1,2728,415
NZ_MT874924.1,2729,415
NZ_MT874924.1,2730,415
NZ_MT874924.1,2731,415
NZ_MT874924.1,2732,415
NZ_MT874924.1,2733,415
NZ_MT874924.1,2734,415
NZ_MT874924.1,2735,415
NZ_MT874924.1,2736,415
NZ_MT874924.1,2737,415
NZ_MT874924.1,2738,415
NZ_MT874924.1,2739,415
NZ_MT874924.1,2740,415
NZ_MT874924.1,2741,415
NZ_MT874924.1,2742,415
NZ_MT874924.1,2743,415
NZ_MT874924.1,2744,415
NZ_MT874924.1,2745,415
NZ_MT874924.1,2746,415
NZ_MT874924.1,2747,415
NZ_MT874924.1,2748,415
NZ_MT874924.1,2749,415
NZ_MT874924.1,2750,415
NZ_MT874924.1,2751,415
NZ_MT874924.1,2752,415
NZ_MT874924.1,2753,415
NZ_MT874924.1,2754,415
NZ_MT874924.1,2755,415
NZ_MT874924.1,2756,415
NZ_MT874924.1,2757,415
NZ_MT874924.1,2758,415
NZ_MT874924.1,2759,415
NZ_MT874924.1,2760,415
NZ_MT874924.1,2761,415
NZ_MT874924.1,2762,415
NZ_MT874924.1,2763,415
NZ_MT874924.1,2764,415
NZ_MT874924.1,2765,415
NZ_MT874924.1,2766,415
NZ_MT874924.1,2767,415
NZ_MT874924.1,2768,415
NZ_MT874924.1,2769,415
NZ_MT874924.1,2770,415
NZ_MT874924.1,2771,415
NZ_MT874924.1,2772,415
NZ_MT874924.1,2773,415
NZ_MT874924.1,2774,415
NZ_MT874924.1,2775,415
NZ_MT874924.1,2776,415
NZ_MT874924.1,2777,415
NZ_MT874924.1,2778,415
NZ_MT874924.1,2779,415
NZ_MT874924.1,2780,415
NZ_MT874924.1,2781,415
NZ_MT874924.1,2782,415
NZ_MT874924.1,2783,415
NZ_MT874924.1,2784,415
NZ_MT874924.1,2785,415
NZ_MT874924.1,2786,415
NZ_MT874924.1,2787,415
NZ_MT874924.1,2788,415
NZ_MT874924.1,2789,415
NZ_MT874924.1,2790,415
NZ_MT874924.1,2791,415
NZ_MT874924.1,2792,415
NZ_MT874924.1,2793,415
NZ_MT874924.1,2794,415
NZ_MT874924.1,2795,415
NZ_MT874924.1,2796,415
NZ_MT874924.1,2797,415
NZ_MT874924.1,2798,415
NZ_MT874924.1,2799,415
NZ_MT874924.1,2800,415
NZ_MT874924.1,2801,415
NZ_MT874924.1,2802,415
NZ_MT874924.1,2803,415
NZ_MT874924.1,2804,415
NZ_MT874924.1,2805,415
NZ_MT874924.1,2806,415
NZ_MT874924.1,2807,415
NZ_MT874924.1,2808,415
NZ_MT874924.1,2809,415
NZ_MT874924.1,2810,415
NZ_MT874924.1,2811,415
NZ_MT874924.1,2812,415
NZ_MT874924.1,2813,415
NZ_MT874924.1,2814,415
NZ_MT874924.1,2815,415
NZ_MT874924.1,2816,415
NZ_MT874924.1,2817,415
NZ_MT874924.1,2818,415
NZ_MT874924.1,2819,415
NZ_MT874924.1,2820,415
NZ_MT874924.1,2821,415
NZ_MT874924.1,2822,415
NZ_MT874924.1,2823,415
NZ_MT874924.1,2824,415
NZ_MT874924.1,2825,415
NZ_MT874924.1,2826,415
NZ_MT874924.1,2827,415
NZ_MT874924.1,2828,415
NZ_MT874924.1,2829,415
NZ_MT874924.1,2830,415
NZ_MT874924.1,2831,415
NZ_MT874924.1,2832,415
NZ_MT874924.1,2833,415
NZ_MT874924.1,2834,415
NZ_MT874924.1,2835,415
NZ_MT874924.1,2836,415
NZ_MT874924.1,2837,415
NZ_MT874924.1,2838,415
NZ_MT874924.1,2839,415
NZ_MT874924.1,2840,415
NZ_MT874924.1,2841,415
NZ_MT874924.1,2842,415
NZ_MT874924.1,2843,415
NZ_MT874924.1,2844,415
NZ_MT874924.1,2845,415
NZ_MT874924.1,2846,415
NZ_MT874924.1,2847,415
NZ_MT874924.1,2848,415
NZ_MT874924.1,2849,415
NZ_MT874924.1,2850,415
NZ_MT874924.1,2851,415
NZ_MT874924.1,2852,415
NZ_MT874924.1,2853,415
NZ_MT874924.1,2854,415
NZ_MT874924.1,2855,415
NZ_MT874924.1,2856,415
NZ_MT874924.1,2857,415
NZ_MT874924.1,2858,415
NZ_MT874924.1,2859,415
NZ_MT874924.1,2860,415
NZ_MT874924.1,2861,415
NZ_MT874924.1,2862,415
NZ_MT874924.1,2863,415
NZ_MT874924.1,2864,415
NZ_MT874924.1,2865,415
NZ_MT874924.1,2866,415
NZ_MT874924.1,2867,415
NZ_MT874924.1,2868,415
NZ_MT874924.1,2869,415
NZ_MT874924.1,2870,415
NZ_MT874924.1,2871,415
NZ_MT874924.1,2872,415
NZ_MT874924.1,2873,415
NZ_MT874924.1,2874,415
NZ_MT874924.1,2875,415
NZ_MT874924.1,2876,415
NZ_MT874924.1,2877,415
NZ_MT874924.1,2878,415
NZ_MT874924.1,2879,415
NZ_MT874924.1,2880,415
NZ_MT874924.1,2881,415
NZ_MT874924.1,2882,415
NZ_MT874924.1,2883,415
NZ_MT874924.1,2884,415
NZ_MT874924.1,2885,415
NZ_MT874924.1,2886,416
NZ_MT874924.1,2887,416
NZ_MT874924.1,2888,416
NZ_MT874924.1,2889,416
NZ_MT874924.1,2890,416
NZ_MT874924.1,2891,416
NZ_MT874924.1,2892,416
NZ_MT874924.1,2893,416
NZ_MT874924.1,2894,416
NZ_MT874924.1,2895,416
NZ_MT874924.1,2896,416
NZ_MT874924.1,2897,416
NZ_MT874924.1,2898,416
NZ_MT874924.1,2899,416
NZ_MT874924.1,2900,416
NZ_MT874924.1,2901,416
NZ_MT874924.1,2902,416
NZ_MT874924.1,2903,416
NZ_MT874924.1,2904,416
NZ_MT874924.1,2905,416
NZ_MT874924.1,2906,416
NZ_MT874924.1,2907,416
NZ_MT874924.1,2908,416
NZ_MT874924.1,2909,416
NZ_MT874924.1,2910,416
NZ_MT874924.1,2911,416
NZ_MT874924.1,2912,416
NZ_MT874924.1,2913,416
NZ_MT874924.1,2914,416
NZ_MT874924.1,2915,416
NZ_MT874924.1,2916,416
NZ_MT874924.1,2917,416
NZ_MT874924.1,2918,416
NZ_MT874924.1,2919,416
NZ_MT874924.1,2920,416
NZ_MT874924.1,2921,416
NZ_MT874924.1,2922,416
NZ_MT874924.1,2923,416
NZ_MT874924.1,2924,416
NZ_MT874924.1,2925,416
NZ_MT874924.1,2926,416
NZ_MT874924.1,2927,416
NZ_MT874924.1,2928,416
NZ_MT874924.1,2929,416
NZ_MT874924.1,2930,416
NZ_MT874924.1,2931,416
NZ_MT874924.1,2932,416
NZ_MT874924.1,2933,416
NZ_MT874924.1,2934,416
NZ_MT874924.1,2935,416
NZ_MT874924.1,2936,416
NZ_MT874924.1,2937,416
NZ_MT874924.1,2938,416
NZ_MT874924.1,2939,416
NZ_MT874924.1,2940,416
NZ_MT874924.1,2941,416
NZ_MT874924.1,2942,416
NZ_MT874924.1,2943,416
NZ_MT874924.1,2944,416
NZ_MT874924.1,2945,416
NZ_MT874924.1,2946,416
NZ_MT874924.1,2947,416
NZ_MT874924.1,2948,416
NZ_MT874924.1,2949,416
NZ_MT874924.1,2950,416
NZ_MT874924.1,2951,416
NZ_MT874924.1,2952,416
NZ_MT874924.1,2953,416
NZ_MT874924.1,2954,416
NZ_MT874924.1,2955,416
NZ_MT874924.1,2956,416
NZ_MT874924.1,2957,416
NZ_MT874924.1,2958,416
NZ_MT874924.1,2959,416
NZ_MT874924.1,2960,416
NZ_MT874924.1,2961,416
NZ_MT874924.1,2962,416
NZ_MT874924.1,2963,416
NZ_MT874924.1,2964,416
NZ_MT874924.1,2965,416
NZ_MT874924.1,2966,416
NZ_MT874924.1,2967,416
NZ_MT874924.1,2968,416
NZ_MT874924.1,2969,416
NZ_MT874924.1,2970,416
NZ_MT874924.1,2971,416
NZ_MT874924.1,2972,416
NZ_MT874924.1,2973,416
NZ_MT874924.1,2974,416
NZ_MT874924.1,2975,416
NZ_MT874924.1,2976,416
NZ_MT874924.1,2977,416
NZ_MT874924.1,2978,416
NZ_MT874924.1,2979,416
NZ_MT874924.1,2980,416
NZ_MT874924.1,2981,416
NZ_MT874924.1,2982,416
NZ_MT874924.1,2983,416
NZ_MT874924.1,2984,416
NZ_MT874924.1,2985,416
NZ_MT874924.1,2986,416
NZ_MT874924.1,2987,416
NZ_MT874924.1,2988,416
NZ_MT874924.1,2989,416
NZ_MT874924.1,2990,416
NZ_MT874924.1,2991,416
NZ_MT874924.1,2992,416
NZ_MT874924.1,2993,416
NZ_MT874924.1,2994,416
NZ_MT874924.1,2995,416
NZ_MT874924.1,2996,416
NZ_MT874924.1,2997,416
NZ_MT874924.1,2998,416
NZ_MT874924.1,2999,416
NZ_MT874924.1,3000,416
NZ_MT874924.1,3001,416
NZ_MT874924.1,3002,416
NZ_MT874924.1,3003,416
NZ_MT874924.1,3004,416
NZ_MT874924.1,3005,416
NZ_MT874924.1,3006,416
NZ_MT874924.1,3007,416
NZ_MT874924.1,3008,416
NZ_MT874924.1,3009,416
NZ_MT874924.1,3010,416
NZ_MT874924.1,3011,416
NZ_MT874924.1,3012,416
NZ_MT874924.1,3013,416
NZ_MT874924.1,3014,416
NZ_MT874924.1,3015,416
NZ_MT874924.1,3016,416
NZ_MT874924.1,3017,416
NZ_MT874924.1,3018,416
NZ_MT874924.1,3019,416
NZ_MT874924.1,3020,416
NZ_MT874924.1,3021,416
NZ_MT874924.1,3022,416
NZ_MT874924.1,3023,416
NZ_MT874924.1,3024,416
NZ_MT874924.1,3025,416
NZ_MT874924.1,3026,416
NZ_MT874924.1,3027,416
NZ_MT874924.1,3028,416
NZ_MT874924.1,3029,416
NZ_MT874924.1,3030,416
NZ_MT874924.1,3031,416
NZ_MT874924.1,3032,416
NZ_MT874924.1,3033,416
NZ_MT874924.1,3034,416
NZ_MT874924.1,3035,416
NZ_MT874924.1,3036,416
NZ_MT874924.1,3037,416
NZ_MT874924.1,3038,416
NZ_MT874924.1,3039,416
NZ_MT874924.1,3040,416
NZ_MT874924.1,3041,416
NZ_MT874924.1,3042,416
NZ_MT874924.1,3043,416
NZ_MT874924.1,3044,416
NZ_MT874924.1,3045,416
NZ_MT874924.1,3046,416
NZ_MT874924.1,3047,416
NZ_MT874924.1,3048,416
NZ_MT874924.1,3049,416
NZ_MT874924.1,3050,416
NZ_MT874924.1,3051,416
NZ_MT874924.1,3052,416
NZ_MT874924.1,3053,416
NZ_MT874924.1,3054,416
NZ_MT874924.1,3055,416
NZ_MT874924.1,3056,416
NZ_MT874924.1,3057,416
NZ_MT874924.1,3058,416
NZ_MT874924.1,3059,416
NZ_MT874924.1,3060,416
NZ_MT874924.1,3061,416
NZ_MT874924.1,3062,416
NZ_MT874924.1,3063,416
NZ_MT874924.1,3064,416
NZ_MT874924.1,3065,416
NZ_MT874924.1,3066,416
NZ_MT874924.1,3067,416
NZ_MT874924.1,3068,416
NZ_MT874924.1,3069,416
NZ_MT874924.1,3070,416
NZ_MT874924.1,3071,416
NZ_MT874924.1,3072,416
NZ_MT874924.1,3073,416
NZ_MT874924.1,3074,416
NZ_MT874924.1,3075,416
NZ_MT874924.1,3076,416
NZ_MT874924.1,3077,416
NZ_MT874924.1,3078,416
NZ_MT874924.1,3079,416
NZ_MT874924.1,3080,416
NZ_MT874924.1,3081,416
NZ_MT874924.1,3082,416
NZ_MT874924.1,3083,416
NZ_MT874924.1,3084,416
NZ_MT874924.1,3085,416
NZ_MT874924.1,3086,416
NZ_MT874924.1,3087,416
NZ_MT874924.1,3088,416
NZ_MT874924.1,3089,416
NZ_MT874924.1,3090,416
NZ_MT874924.1,3091,416
NZ_MT874924.1,3092,416
NZ_MT874924.1,3093,416
NZ_MT874924.1,3094,416
NZ_MT874924.1,3095,416
NZ_MT874924.1,3096,416
NZ_MT874924.1,3097,416
NZ_MT874924.1,3098,416
NZ_MT874924.1,3099,416
NZ_MT874924.1,3100,416
NZ_MT874924.1,3101,416
NZ_MT874924.1,3102,416
NZ_MT874924.1,3103,416
NZ_MT874924.1,3104,416
NZ_MT874924.1,3105,416
NZ_MT874924.1,3106,416
NZ_MT874924.1,3107,416
NZ_MT874924.1,3108,416
NZ_MT874924.1,3109,416
NZ_MT874924.1,3110,416
NZ_MT874924.1,3111,416
NZ_MT874924.1,3112,416
NZ_MT874924.1,3113,416
NZ_MT874924.1,3114,416
NZ_MT874924.1,3115,416
NZ_MT874924.1,3116,416
NZ_MT874924.1,3117,416
NZ_MT874924.1,3118,416
NZ_MT874924.1,3119,416
NZ_MT874924.1,3120,416
NZ_MT874924.1,3121,416
NZ_MT874924.1,3122,416
NZ_MT874924.1,3123,416
NZ_MT874924.1,3124,416
NZ_MT874924.1,3125,416
NZ_MT874924.1,3126,416
NZ_MT874924.1,3127,416
NZ_MT874924.1,3128,416
NZ_MT874924.1,3129,416
NZ_MT874924.1,3130,416
NZ_MT874924.1,3131,416
NZ_MT874924.1,3132,416
NZ_MT874924.1,3133,416
NZ_MT874924.1,3134,416
NZ_MT874924.1,3135,416
NZ_MT874924.1,3136,416
NZ_MT874924.1,3137,416
NZ_MT874924.1,3138,416
NZ_MT874924.1,3139,416
NZ_MT874924.1,3140,416
NZ_MT874924.1,3141,416
NZ_MT874924.1,3142,416
NZ_MT874924.1,3143,416
NZ_MT874924.1,3144,416
NZ_MT874924.1,3145,416
NZ_MT874924.1,3146,416
NZ_MT874924.1,3147,416
NZ_MT874924.1,3148,416
NZ_MT874924.1,3149,416
NZ_MT874924.1,3150,416
NZ_MT874924.1,3151,416
NZ_MT874924.1,3152,416
NZ_MT874924.1,3153,416
NZ_MT874924.1,3154,416
NZ_MT874924.1,3155,416
NZ_MT874924.1,3156,416
NZ_MT874924.1,3157,416
NZ_MT874924.1,3158,416
NZ_MT874924.1,3159,416
NZ_MT874924.1,3160,416
NZ_MT874924.1,3161,416
NZ_MT874924.1,3162,416
NZ_MT874924.1,3163,416
NZ_MT874924.1,3164,416
NZ_MT874924.1,3165,416
NZ_MT874924.1,3166,416
NZ_MT874924.1,3167,416
NZ_MT874924.1,3168,416
NZ_MT874924.1,3169,416
NZ_MT874924.1,3170,416
NZ_MT874924.1,3171,416
NZ_MT874924.1,3172,416
NZ_MT874924.1,3173,416
NZ_MT874924.1,3174,416
NZ_MT874924.1,3175,416
NZ_MT874924.1,3176,416
NZ_MT874924.1,3177,416
NZ_MT874924.1,3178,416
NZ_MT874924.1,3179,416
NZ_MT874924.1,3180,416
NZ_MT874924.1,3181,416
NZ_MT874924.1,3182,416
NZ_MT874924.1,3183,416
NZ_MT874924.1,3184,416
NZ_MT874924.1,3185,416
NZ_MT874924.1,3186,416
NZ_MT874924.1,3187,416
NZ_MT874924.1,3188,416
NZ_MT874924.1,3189,416
NZ_MT874924.1,3190,416
NZ_MT874924.1,3191,416
NZ_MT874924.1,3192,416
NZ_MT874924.1,3193,416
NZ_MT874924.1,3194,416
NZ_MT874924.1,3195,416
NZ_MT874924.1,3196,416
NZ_MT874924.1,3197,416
NZ_MT874924.1,3198,416
NZ_MT874924.1,3199,416
NZ_MT874924.1,3200,416
NZ_MT874924.1,3201,416
NZ_MT874924.1,3202,416
NZ_MT874924.1,3203,416
NZ_MT874924.1,3204,416
NZ_MT874924.1,3205,416
NZ_MT874924.1,3206,416
NZ_MT874924.1,3207,416
NZ_MT874924.1,3208,416
NZ_MT874924.1,3209,416
NZ_MT874924.1,3210,416
NZ_MT874924.1,3211,416
NZ_MT874924.1,3212,416
NZ_MT874924.1,3213,416
NZ_MT874924.1,3214,416
NZ_MT874924.1,3215,416
NZ_MT874924.1,3216,416
NZ_MT874924.1,3217,416
NZ_MT874924.1,3218,416
NZ_MT874924.1,3219,416
NZ_MT874924.1,3220,416
NZ_MT874924.1,3221,416
NZ_MT874924.1,3222,416
NZ_MT874924.1,3223,416
NZ_MT874924.1,3224,416
NZ_MT874924.1,3225,416
NZ_MT874924.1,3226,416
NZ_MT874924.1,3227,416
NZ_MT874924.1,3228,416
NZ_MT874924.1,3229,416
NZ_MT874924.1,3230,416
NZ_MT874924.1,3231,416
NZ_MT874924.1,3232,416
NZ_MT874924.1,3233,416
NZ_MT874924.1,3234,416
NZ_MT874924.1,3235,416
NZ_MT874924.1,3236,416
NZ_MT874924.1,3237,416
NZ_MT874924.1,3238,416
NZ_MT874924.1,3239,416
NZ_MT874924.1,3240,416
NZ_MT874924.1,3241,416
NZ_MT874924.1,3242,416
NZ_MT874924.1,3243,416
NZ_MT874924.1,3244,416
NZ_MT874924.1,3245,416
NZ_MT874924.1,3246,416
NZ_MT874924.1,3247,416
NZ_MT874924.1,3248,416
NZ_MT874924.1,3249,416
NZ_MT874924.1,3250,416
NZ_MT874924.1,3251,416
NZ_MT874924.1,3252,416
NZ_MT874924.1,3253,416
NZ_MT874924.1,3254,416
NZ_MT874924.1,3255,416
NZ_MT874924.1,3256,416
NZ_MT874924.1,3257,416
NZ_MT874924.1,3258,416
NZ_MT874924.1,3259,416
NZ_MT874924.1,3260,416
NZ_MT874924.1,3261,416
NZ_MT874924.1,3262,416
NZ_MT874924.1,3263,416
NZ_MT874924.1,3264,416
NZ_MT874924.1,3265,416
NZ_MT874924.1,3266,416
NZ_MT874924.1,3267,416
NZ_MT874924.1,3268,416
NZ_MT874924.1,3269,416
NZ_MT874924.1,3270,416
NZ_MT874924.1,3271,416
NZ_MT874924.1,3272,416
NZ_MT874924.1,3273,416
NZ_MT874924.1,3274,416
NZ_MT874924.1,3275,416
NZ_MT874924.1,3276,416
NZ_MT874924.1,3277,416
NZ_MT874924.1,3278,416
NZ_MT874924.1,3279,416
NZ_MT874924.1,3280,416
NZ_MT874924.1,3281,416
NZ_MT874924.1,3282,416
NZ_MT874924.1,3283,416
NZ_MT874924.1,3284,416
NZ_MT874924.1,3285,416
NZ_MT874924.1,3286,416
NZ_MT874924.1,3287,416
NZ_MT874924.1,3288,416
NZ_MT874924.1,3289,416
NZ_MT874924.1,3290,416
NZ_MT874924.1,3291,416
NZ_MT874924.1,3292,416
NZ_MT874924.1,3293,416
NZ_MT874924.1,3294,416
NZ_MT874924.1,3295,416
NZ_MT874924.1,3296,416
NZ_MT874924.1,3297,416
NZ_MT874924.1,3298,416
NZ_MT874924.1,3299,416
NZ_MT874924.1,3300,416
NZ_MT874924.1,3301,416
NZ_MT874924.1,3302,416
NZ_MT874924.1,3303,416
NZ_MT874924.1,3304,416
NZ_MT874924.1,3305,416
NZ_MT874924.1,3306,416
NZ_MT874924.1,3307,416
NZ_MT874924.1,3308,416
NZ_MT874924.1,3309,416
NZ_MT874924.1,3310,416
NZ_MT874924.1,3311,416
NZ_MT874924.1,3312,416
NZ_MT874924.1,3313,416
NZ_MT874924.1,3314,416
NZ_MT874924.1,3315,416
NZ_MT874924.1,3316,416
NZ_MT874924.1,3317,416
NZ_MT874924.1,3318,416
NZ_MT874924.1,3319,416
NZ_MT874924.1,3320,416
NZ_MT874924.1,3321,416
NZ_MT874924.1,3322,416
NZ_MT874924.1,3323,416
NZ_MT874924.1,3324,416
NZ_MT874924.1,3325,416
NZ_MT874924.1,3326,416
NZ_MT874924.1,3327,416
NZ_MT874924.1,3328,416
NZ_MT874924.1,3329,416
NZ_MT874924.1,3330,416
NZ_MT874924.1,3331,416
NZ_MT874924.1,3332,416
NZ_MT874924.1,3333,416
NZ_MT874924.1,3334,416
NZ_MT874924.1,3335,416
NZ_MT874924.1,3336,416
NZ_MT874924.1,3337,416
NZ_MT874924.1,3338,416
NZ_MT874924.1,3339,416
NZ_MT874924.1,3340,416
NZ_MT874924.1,3341,416
NZ_MT874924.1,3342,416
NZ_MT874924.1,3343,416
NZ_MT874924.1,3344,416
NZ_MT874924.1,3345,416
NZ_MT874924.1,3346,416
NZ_MT874924.1,3347,416
NZ_MT874924.1,3348,416
NZ_MT874924.1,3349,416
NZ_MT874924.1,3350,416
NZ_MT874924.1,3351,416
NZ_MT874924.1,3352,416
NZ_MT874924.1,3353,416
NZ_MT874924.1,3354,416
NZ_MT874924.1,3355,416
NZ_MT874924.1,3356,416
NZ_MT874924.1,3357,416
NZ_MT874924.1,3358,416
NZ_MT874924.1,3359,416
NZ_MT874924.1,3360,416
NZ_MT874924.1,3361,416
NZ_MT874924.1,3362,416
NZ_MT874924.1,3363,416
NZ_MT874924.1,3364,416
NZ_MT874924.1,3365,416
NZ_MT874924.1,3366,416
NZ_MT874924.1,3367,416
NZ_MT874924.1,3368,416
NZ_MT874924.1,3369,416
NZ_MT874924.1,3370,416
NZ_MT874924.1,3371,416
NZ_MT874924.1,3372,416
NZ_MT874924.1,3373,416
NZ_MT874924.1,3374,416
NZ_MT874924.1,3375,416
NZ_MT874924.1,3376,416
NZ_MT874924.1,3377,416
NZ_MT874924.1,3378,416
NZ_MT874924.1,3379,416
NZ_MT874924.1,3380,416
NZ_MT874924.1,3381,416
NZ_MT874924.1,3382,416
NZ_MT874924.1,3383,416
NZ_MT874924.1,3384,416
NZ_MT874924.1,3385,416
NZ_MT874924.1,3386,416
NZ_MT874924.1,3387,416
NZ_MT874924.1,3388,416
NZ_MT874924.1,3389,416
NZ_MT874924.1,3390,416
NZ_MT874924.1,3391,416
NZ_MT874924.1,3392,416
NZ_MT874924.1,3393,416
NZ_MT874924.1,3394,416
NZ_MT874924.1,3395,416
NZ_MT874924.1,3396,416
NZ_MT874924.1,3397,416
NZ_MT874924.1,3398,416
NZ_MT874924.1,3399,416
NZ_MT874924.1,3400,416
NZ_MT874924.1,3401,416
NZ_MT874924.1,3402,416
NZ_MT874924.1,3403,416
NZ_MT874924.1,3404,416
NZ_MT874924.1,3405,416
NZ_MT874924.1,3406,416
NZ_MT874924.1,3407,416
NZ_MT874924.1,3408,416
NZ_MT874924.1,3409,416
NZ_MT874924.1,3410,416
NZ_MT874924.1,3411,416
NZ_MT874924.1,3412,416
NZ_MT874924.1,3413,416
NZ_MT874924.1,3414,416
NZ_MT874924.1,3415,416
NZ_MT874924.1,3416,416
NZ_MT874924.1,3417,416
NZ_MT874924.1,3418,416
NZ_MT874924.1,3419,416
NZ_MT874924.1,3420,416
NZ_MT874924.1,3421,416
NZ_MT874924.1,3422,416
NZ_MT874924.1,3423,416
NZ_MT874924.1,3424,416
NZ_MT874924.1,3425,416
NZ_MT874924.1,3426,416
NZ_MT874924.1,3427,416
NZ_MT874924.1,3428,416
NZ_MT874924.1,3429,416
NZ_MT874924.1,3430,416
NZ_MT874924.1,3431,416
NZ_MT874924.1,3432,416
NZ_MT874924.1,3433,416
NZ_MT874924.1,3434,416
NZ_MT874924.1,3435,416
NZ_MT874924.1,3436,416
NZ_MT874924.1,3437,416
NZ_MT874924.1,3438,416
NZ_MT874924.1,3439,416
NZ_MT874924.1,3440,416
NZ_MT874924.1,3441,416
NZ_MT874924.1,3442,416
NZ_MT874924.1,3443,416
NZ_MT874924.1,3444,416
NZ_MT874924.1,3445,416
NZ_MT874924.1,3446,416
NZ_MT874924.1,3447,416
NZ_MT874924.1,3448,416
NZ_MT874924.1,3449,416
NZ_MT874924.1,3450,416
NZ_MT874924.1,3451,416
NZ_MT874924.1,3452,416
NZ_MT874924.1,3453,416
NZ_MT874924.1,3454,416
NZ_MT874924.1,3455,416
NZ_MT874924.1,3456,416
NZ_MT874924.1,3457,416
NZ_MT874924.1,3458,416
NZ_MT874924.1,3459,416
NZ_MT874924.1,3460,416
NZ_MT874924.1,3461,416
NZ_MT874924.1,3462,416
NZ_MT874924.1,3463,416
NZ_MT874924.1,3464,416
NZ_MT874924.1,3465,416
NZ_MT874924.1,3466,416
NZ_MT874924.1,3467,416
NZ_MT874924.1,3468,416
NZ_MT874924.1,3469,416
NZ_MT874924.1,3470,416
NZ_MT874924.1,3471,416
NZ_MT874924.1,3472,416
NZ_MT874924.1,3473,416
NZ_MT874924.1,3474,416
NZ_MT874924.1,3475,416
NZ_MT874924.1,3476,416
NZ_MT874924.1,3477,416
NZ_MT874924.1,3478,416
NZ_MT874924.1,3479,416
NZ_MT874924.1,3480,416
NZ_MT874924.1,3481,416
NZ_MT874924.1,3482,416
NZ_MT874924.1,3483,416
NZ_MT874924.1,3484,416
NZ_MT874924.1,3485,416
NZ_MT874924.1,3486,416
NZ_MT874924.1,3487,416
NZ_MT874924.1,3488,416
NZ_MT874924.1,3489,416
NZ_MT874924.1,3490,416
NZ_MT874924.1,3491,416
NZ_MT874924.1,3492,416
NZ_MT874924.1,3493,416
NZ_MT874924.1,3494,416
NZ_MT874924.1,3495,416
NZ_MT874924.1,3496,416
NZ_MT874924.1,3497,416
NZ_MT874924.1,3498,416
NZ_MT874924.1,3499,416
NZ_MT874924.1,3500,416
NZ_MT874924.1,3501,416
NZ_MT874924.1,3502,416
NZ_MT874924.1,3503,416
NZ_MT874924.1,3504,416
NZ_MT874924.1,3505,416
NZ_MT874924.1,3506,416
NZ_MT874924.1,3507,416
NZ_MT874924.1,3508,416
NZ_MT874924.1,3509,416
NZ_MT874924.1,3510,416
NZ_MT874924.1,3511,416
NZ_MT874924.1,3512,416
NZ_MT874924.1,3513,416
NZ_MT874924.1,3514,416
NZ_MT874924.1,3515,416
NZ_MT874924.1,3516,416
NZ_MT874924.1,3517,416
NZ_MT874924.1,3518,416
NZ_MT874924.1,3519,416
NZ_MT874924.1,3520,416
NZ_MT874924.1,3521,416
NZ_MT874924.1,3522,416
NZ_MT874924.1,3523,416
NZ_MT874924.1,3524,416
NZ_MT874924.1,3525,416
NZ_MT874924.1,3526,416
NZ_MT874924.1,3527,416
NZ_MT874924.1,3528,416
NZ_MT874924.1,3529,416
NZ_MT874924.1,3530,416
NZ_MT874924.1,3531,416
NZ_MT874924.1,3532,416
NZ_MT874924.1,3533,416
NZ_MT874924.1,3534,416
NZ_MT874924.1,3535,416
NZ_MT874924.1,3536,416
NZ_MT874924.1,3537,416
NZ_MT874924.1,3538,416
NZ_MT874924.1,3539,416
NZ_MT874924.1,3540,416
NZ_MT874924.1,3541,416
NZ_MT874924.1,3542,416
NZ_MT874924.1,3543,416
NZ_MT874924.1,3544,416
NZ_MT874924.1,3545,416
NZ_MT874924.1,3546,416
NZ_MT874924.1,3547,416
NZ_MT874924.1,3548,416
NZ_MT874924.1,3549,416
NZ_MT874924.1,3550,416
NZ_MT874924.1,3551,416
NZ_MT874924.1,3552,416
NZ_MT874924.1,3553,416
NZ_MT874924.1,3554,416
NZ_MT874924.1,3555,416
NZ_MT874924.1,3556,416
NZ_MT874924.1,3557,416
NZ_MT874924.1,3558,416
NZ_MT874924.1,3559,416
NZ_MT874924.1,3560,416
NZ_MT874924.1,3561,416
NZ_MT874924.1,3562,416
NZ_MT874924.1,3563,416
NZ_MT874924.1,3564,416
NZ_MT874924.1,3565,416
NZ_MT874924.1,3566,416
NZ_MT874924.1,3567,416
NZ_MT874924.1,3568,416
NZ_MT874924.1,3569,416
NZ_MT874924.1,3570,416
NZ_MT874924.1,3571,416
NZ_MT874924.1,3572,416
NZ_MT874924.1,3573,416
NZ_MT874924.1,3574,416
NZ_MT874924.1,3575,416
NZ_MT874924.1,3576,416
NZ_MT874924.1,3577,416
NZ_MT874924.1,3578,416
NZ_MT874924.1,3579,416
NZ_MT874924.1,3580,416
NZ_MT874924.1,3581,416
NZ_MT874924.1,3582,416
NZ_MT874924.1,3583,416
NZ_MT874924.1,3584,416
NZ_MT874924.1,3585,416
NZ_MT874924.1,3586,416
NZ_MT874924.1,3587,416
NZ_MT874924.1,3588,416
NZ_MT874924.1,3589,416
NZ_MT874924.1,3590,416
NZ_MT874924.1,3591,416
NZ_MT874924.1,3592,416
NZ_MT874924.1,3593,416
NZ_MT874924.1,3594,416
NZ_MT874924.1,3595,416
NZ_MT874924.1,3596,416
NZ_MT874924.1,3597,416
NZ_MT874924.1,3598,416
NZ_MT874924.1,3599,416
NZ_MT874924.1,3600,416
NZ_MT874924.1,3601,416
NZ_MT874924.1,3602,416
NZ_MT874924.1,3603,416
NZ_MT874924.1,3604,416
NZ_MT874924.1,3605,416
NZ_MT874924.1,3606,416
NZ_MT874924.1,3607,416
NZ_MT874924.1,3608,416
NZ_MT874924.1,3609,416
NZ_MT874924.1,3610,416
NZ_MT874924.1,3611,416
NZ_MT874924.1,3612,416
NZ_MT874924.1,3613,416
NZ_MT874924.1,3614,416
NZ_MT874924.1,3615,416
NZ_MT874924.1,3616,416
NZ_MT874924.1,3617,416
NZ_MT874924.1,3618,416
NZ_MT874924.1,3619,416
NZ_MT874924.1,3620,416
NZ_MT874924.1,3621,416
NZ_MT874924.1,3622,416
NZ_MT874924.1,3623,416
NZ_MT874924.1,3624,416
NZ_MT874924.1,3625,416
NZ_MT874924.1,3626,416
NZ_MT874924.1,3627,416
NZ_MT874924.1,3628,416
NZ_MT874924.1,3629,416
NZ_MT874924.1,3630,416
NZ_MT874924.1,3631,416
NZ_MT874924.1,3632,416
NZ_MT874924.1,3633,416
NZ_MT874924.1,3634,416
NZ_MT874924.1,3635,416
NZ_MT874924.1,3636,416
NZ_MT874924.1,3637,416
NZ_MT874924.1,3638,416
NZ_MT874924.1,3639,416
NZ_MT874924.1,3640,416
NZ_MT874924.1,3641,416
NZ_MT874924.1,3642,416
NZ_MT874924.1,3643,416
NZ_MT874924.1,3644,416
NZ_MT874924.1,3645,416
NZ_MT874924.1,3646,416
NZ_MT874924.1,3647,416
NZ_MT874924.1,3648,416
NZ_MT874924.1,3649,416
NZ_MT874924.1,3650,416
NZ_MT874924.1,3651,416
NZ_MT874924.1,3652,416
NZ_MT874924.1,3653,416
NZ_MT874924.1,3654,416
NZ_MT874924.1,3655,416
NZ_MT874924.1,3656,416
NZ_MT874924.1,3657,416
NZ_MT874924.1,3658,416
NZ_MT874924.1,3659,416
NZ_MT874924.1,3660,416
NZ_MT874924.1,3661,416
NZ_MT874924.1,3662,416
NZ_MT874924.1,3663,416
NZ_MT874924.1,3664,416
NZ_MT874924.1,3665,416
NZ_MT874924.1,3666,416
NZ_MT874924.1,3667,416
NZ_MT874924.1,3668,416
NZ_MT874924.1,3669,416
NZ_MT874924.1,3670,416
NZ_MT874924.1,3671,416
NZ_MT874924.1,3672,416
NZ_MT874924.1,3673,416
NZ_MT874924.1,3674,416
NZ_MT874924.1,3675,416
NZ_MT874924.1,3676,416
NZ_MT874924.1,3677,416
NZ_MT874924.1,3678,416
NZ_MT874924.1,3679,416
NZ_MT874924.1,3680,416
NZ_MT874924.1,3681,416
NZ_MT874924.1,3682,416
NZ_MT874924.1,3683,416
NZ_MT874924.1,3684,416
NZ_MT874924.1,3685,416
NZ_MT874924.1,3686,416
NZ_MT874924.1,3687,416
NZ_MT874924.1,3688,416
NZ_MT874924.1,3689,416
NZ_MT874924.1,3690,416
NZ_MT874924.1,3691,416
NZ_MT874924.1,3692,416
NZ_MT874924.1,3693,416
NZ_MT874924.1,3694,416
NZ_MT874924.1,3695,416
NZ_MT874924.1,3696,416
NZ_MT874924.1,3697,416
NZ_MT874924.1,3698,416
NZ_MT874924.1,3699,416
NZ_MT874924.1,3700,416
NZ_MT874924.1,3701,416
NZ_MT874924.1,3702,416
NZ_MT874924.1,3703,416
NZ_MT874924.1,3704,416
NZ_MT874924.1,3705,416
NZ_MT874924.1,3706,416
NZ_MT874924.1,3707,416
NZ_MT874924.1,3708,416
NZ_MT874924.1,3709,416
NZ_MT874924.1,3710,416
NZ_MT874924.1,3711,416
NZ_MT874924.1,3712,416
NZ_MT874924.1,3713,416
NZ_MT874924.1,3714,416
NZ_MT874924.1,3715,416
NZ_MT874924.1,3716,416
NZ_MT874924.1,3717,416
NZ_MT874924.1,3718,416
NZ_MT874924.1,3719,416
NZ_MT874924.1,3720,416
NZ_MT874924.1,3721,416
NZ_MT874924.1,3722,416
NZ_MT874924.1,3723,416
NZ_MT874924.1,3724,416
NZ_MT874924.1,3725,416
NZ_MT874924.1,3726,416
NZ_MT874924.1,3727,416
NZ_MT874924.1,3728,416
NZ_MT874924.1,3729,416
NZ_MT874924.1,3730,416
NZ_MT874924.1,3731,416
NZ_MT874924.1,3732,416
NZ_MT874924.1,3733,416
NZ_MT874924.1,3734,416
NZ_MT874924.1,3735,416
NZ_MT874924.1,3736,416
NZ_MT874924.1,3737,416
NZ_MT874924.1,3738,416
NZ_MT874924.1,3739,416
NZ_MT874924.1,3740,416
NZ_MT874924.1,3741,416
NZ_MT874924.1,3742,416
NZ_MT874924.1,3743,416
NZ_MT874924.1,3744,416
NZ_MT874924.1,3745,416
NZ_MT874924.1,3746,416
NZ_MT874924.1,3747,416
NZ_MT874924.1,3748,416
NZ_MT874924.1,3749,416
NZ_MT874924.1,3750,416
NZ_MT874924.1,3751,416
NZ_MT874924.1,3752,416
NZ_MT874924.1,3753,416
NZ_MT874924.1,3754,416
NZ_MT874924.1,3755,416
NZ_MT874924.1,3756,416
NZ_MT874924.1,3757,416
NZ_MT874924.1,3758,416
NZ_MT874924.1,3759,416
NZ_MT874924.1,3760,416
NZ_MT874924.1,3761,416
NZ_MT874924.1,3762,416
NZ_MT874924.1,3763,416
NZ_MT874924.1,3764,416
NZ_MT874924.1,3765,416
NZ_MT874924.1,3766,416
NZ_MT874924.1,3767,416
NZ_MT874924.1,3768,416
NZ_MT874924.1,3769,416
NZ_MT874924.1,3770,416
NZ_MT874924.1,3771,416
NZ_MT874924.1,3772,416
NZ_MT874924.1,3773,416
NZ_MT874924.1,3774,416
NZ_MT874924.1,3775,416
NZ_MT874924.1,3776,416
NZ_MT874924.1,3777,416
NZ_MT874924.1,3778,416
NZ_MT874924.1,3779,416
NZ_MT874924.1,3780,416
NZ_MT874924.1,3781,416
NZ_MT874924.1,3782,416
NZ_MT874924.1,3783,416
NZ_MT874924.1,3784,416
NZ_MT874924.1,3785,416
NZ_MT874924.1,3786,416
NZ_MT874924.1,3787,416
NZ_MT874924.1,3788,416
NZ_MT874924.1,3789,416
NZ_MT874924.1,3790,416
NZ_MT874924.1,3791,416
NZ_MT874924.1,3792,416
NZ_MT874924.1,3793,416
NZ_MT874924.1,3794,416
NZ_MT874924.1,3795,416
NZ_MT874924.1,3796,416
NZ_MT874924.1,3797,416
NZ_MT874924.1,3798,416
NZ_MT874924.1,3799,416
NZ_MT874924.1,3800,416
NZ_MT874924.1,3801,416
NZ_MT874924.1,3802,416
NZ_MT874924.1,3803,416
NZ_MT874924.1,3804,416
NZ_MT874924.1,3805,416
NZ_MT874924.1,3806,416
NZ_MT874924.1,3807,416
NZ_MT874924.1,3808,416
NZ_MT874924.1,3809,416
NZ_MT874924.1,3810,416
NZ_MT874924.1,3811,416
NZ_MT874924.1,3812,416
NZ_MT874924.1,3813,416
NZ_MT874924.1,3814,416
NZ_MT874924.1,3815,416
NZ_MT874924.1,3816,416
NZ_MT874924.1,3817,416
NZ_MT874924.1,3818,416
NZ_MT874924.1,3819,416
NZ_MT874924.1,3820,416
NZ_MT874924.1,3821,416
NZ_MT874924.1,3822,416
NZ_MT874924.1,3823,416
NZ_MT874924.1,3824,416
NZ_MT874924.1,3825,416
NZ_MT874924.1,3826,416
NZ_MT874924.1,3827,416
NZ_MT874924.1,3828,416
NZ_MT874924.1,3829,416
NZ_MT874924.1,3830,416
NZ_MT874924.1,3831,416
NZ_MT874924.1,3832,416
NZ_MT874924.1,3833,416
NZ_MT874924.1,3834,416
NZ_MT874924.1,3835,416
NZ_MT874924.1,3836,416
NZ_MT874924.1,3837,416
NZ_MT874924.1,3838,416
NZ_MT874924.1,3839,416
NZ_MT874924.1,3840,416
NZ_MT874924.1,3841,416
NZ_MT874924.1,3842,416
NZ_MT874924.1,3843,416
NZ_MT874924.1,3844,416
NZ_MT874924.1,3845,416
NZ_MT874924.1,3846,416
NZ_MT874924.1,3847,416
NZ_MT874924.1,3848,416
NZ_MT874924.1,3849,416
NZ_MT874924.1,3850,416
NZ_MT874924.1,3851,416
NZ_MT874924.1,3852,416
NZ_MT874924.1,3853,416
NZ_MT874924.1,3854,416
NZ_MT874924.1,3855,416
NZ_MT874924.1,3856,416
NZ_MT874924.1,3857,416
NZ_MT874924.1,3858,416
NZ_MT874924.1,3859,416
NZ_MT874924.1,3860,416
NZ_MT874924.1,3861,416
NZ_MT874924.1,3862,416
NZ_MT874924.1,3863,416
NZ_MT874924.1,3864,416
NZ_MT874924.1,3865,416
NZ_MT874924.1,3866,416
NZ_MT874924.1,3867,416
NZ_MT874924.1,3868,416
NZ_MT874924.1,3869,416
NZ_MT874924.1,3870,416
NZ_MT874924.1,3871,416
NZ_MT874924.1,3872,416
NZ_MT874924.1,3873,416
NZ_MT874924.1,3874,416
NZ_MT874924.1,3875,416
NZ_MT874924.1,3876,416
NZ_MT874924.1,3877,416
NZ_MT874924.1,3878,416
NZ_MT874924.1,3879,416
NZ_MT874924.1,3880,416
NZ_MT874924.1,3881,416
NZ_MT874924.1,3882,416
NZ_MT874924.1,3883,416
NZ_MT874924.1,3884,416
NZ_MT874924.1,3885,416
NZ_MT874924.1,3886,416
NZ_MT874924.1,3887,416
NZ_MT874924.1,3888,416
NZ_MT874924.1,3889,416
NZ_MT874924.1,3890,416
NZ_MT874924.1,3891,416
NZ_MT874924.1,3892,416
NZ_MT874924.1,3893,416
NZ_MT874924.1,3894,416
NZ_MT874924.1,3895,416
NZ_MT874924.1,3896,416
NZ_MT874924.1,3897,416
NZ_MT874924.1,3898,416
NZ_MT874924.1,3899,416
NZ_MT874924.1,3900,416
NZ_MT874924.1,3901,416
NZ_MT874924.1,3902,416
NZ_MT874924.1,3903,416
NZ_MT874924.1,3904,416
NZ_MT874924.1,3905,416
NZ_MT874924.1,3906,416
NZ_MT874924.1,3907,416
NZ_MT874924.1,3908,416
NZ_MT874924.1,3909,416
NZ_MT874924.1,3910,416
NZ_MT874924.1,3911,416
NZ_MT874924.1,3912,416
NZ_MT874924.1,3913,416
NZ_MT874924.1,3914,416
NZ_MT874924.1,3915,416
NZ_MT874924.1,3916,416
NZ_MT874924.1,3917,416
NZ_MT874924.1,3918,416
NZ_MT874924.1,3919,416
NZ_MT874924.1,3920,416
NZ_MT874924.1,3921,416
NZ_MT874924.1,3922,416
NZ_MT874924.1,3923,416
NZ_MT874924.1,3924,416
NZ_MT874924.1,3925,416
NZ_MT874924.1,3926,416
NZ_MT874924.1,3927,416
NZ_MT874924.1,3928,416
NZ_MT874924.1,3929,416
NZ_MT874924.1,3930,416
NZ_MT874924.1,3931,416
NZ_MT874924.1,3932,416
NZ_MT874924.1,3933,416
NZ_MT874924.1,3934,416
NZ_MT874924.1,3935,416
NZ_MT874924.1,3936,416
NZ_MT874924.1,3937,416
NZ_MT874924.1,3938,416
NZ_MT874924.1,3939,416
NZ_MT874924.1,3940,416
NZ_MT874924.1,3941,416
NZ_MT874924.1,3942,416
NZ_MT874924.1,3943,416
NZ_MT874924.1,3944,416
NZ_MT874924.1,3945,416
NZ_MT874924.1,3946,416
NZ_MT874924.1,3947,416
NZ_MT874924.1,3948,416
NZ_MT874924.1,3949,416
NZ_MT874924.1,3950,416
NZ_MT874924.1,3951,416
NZ_MT874924.1,3952,416
NZ_MT874924.1,3953,416
NZ_MT874924.1,3954,416
NZ_MT874924.1,3955,416
NZ_MT874924.1,3956,416
NZ_MT874924.1,3957,416
NZ_MT874924.1,3958,416
NZ_MT874924.1,3959,416
NZ_MT874924.1,3960,416
NZ_MT874924.1,3961,416
NZ_MT874924.1,3962,416
NZ_MT874924.1,3963,416
NZ_MT874924.1,3964,416
NZ_MT874924.1,3965,416
NZ_MT874924.1,3966,416
NZ_MT874924.1,3967,416
NZ_MT874924.1,3968,416
NZ_MT874924.1,3969,416
NZ_MT874924.1,3970,416
NZ_MT874924.1,3971,416
NZ_MT874924.1,3972,416
NZ_MT874924.1,3973,416
NZ_MT874924.1,3974,416
NZ_MT874924.1,3975,416
NZ_MT874924.1,3976,416
NZ_MT874924.1,3977,416
NZ_MT874924.1,3978,416
NZ_MT874924.1,3979,416
NZ_MT874924.1,3980,416
NZ_MT874924.1,3981,416
NZ_MT874924.1,3982,416
NZ_MT874924.1,3983,416
NZ_MT874924.1,3984,416
NZ_MT874924.1,3985,416
NZ_MT874924.1,3986,416
NZ_MT874924.1,3987,416
NZ_MT874924.1,3988,416
NZ_MT874924.1,3989,416
NZ_MT874924.1,3990,416
NZ_MT874924.1,3991,416
NZ_MT874924.1,3992,416
NZ_MT874924.1,3993,416
NZ_MT874924.1,3994,416
NZ_MT874924.1,3995,416
NZ_MT874924.1,3996,416
NZ_MT874924.1,3997,416
NZ_MT874924.1,3998,416
NZ_MT874924.1,3999,416
NZ_MT874924.1,4000,416
NZ_MT874924.1,4001,416
NZ_MT874924.1,4002,416
NZ_MT874924.1,4003,416
NZ_MT874924.1,4004,416
NZ_MT874924.1,4005,416
NZ_MT874924.1,4006,416
NZ_MT874924.1,4007,416
NZ_MT874924.1,4008,416
NZ_MT874924.1,4009,416
NZ_MT874924.1,4010,416
NZ_MT874924.1,4011,416
NZ_MT874924.1,4012,416
NZ_MT874924.1,4013,416
NZ_MT874924.1,4014,416
NZ_MT874924.1,4015,416
NZ_MT874924.1,4016,416
NZ_MT874924.1,4017,416
NZ_MT874924.1,4018,416
NZ_MT874924.1,4019,416
NZ_MT874924.1,4020,416
NZ_MT874924.1,4021,416
NZ_MT874924.1,4022,416
NZ_MT874924.1,4023,416
NZ_MT874924.1,4024,416
NZ_MT874924.1,4025,416
NZ_MT874924.1,4026,416
NZ_MT874924.1,4027,416
NZ_MT874924.1,4028,416
NZ_MT874924.1,4029,416
NZ_MT874924.1,4030,416
NZ_MT874924.1,4031,416
NZ_MT874924.1,4032,416
NZ_MT874924.1,4033,416
NZ_MT874924.1,4034,416
NZ_MT874924.1,4035,416
NZ_MT874924.1,4036,416
NZ_MT874924.1,4037,416
NZ_MT874924.1,4038,416
NZ_MT874924.1,4039,416
NZ_MT874924.1,4040,416
NZ_MT874924.1,4041,416
NZ_MT874924.1,4042,416
NZ_MT874924.1,4043,416
NZ_MT874924.1,4044,416
NZ_MT874924.1,4045,416
NZ_MT874924.1,4046,416
NZ_MT874924.1,4047,416
NZ_MT874924.1,4048,416
NZ_MT874924.1,4049,416
NZ_MT874924.1,4050,416
NZ_MT874924.1,4051,416
NZ_MT874924.1,4052,416
NZ_MT874924.1,4053,416
NZ_MT874924.1,4054,416
NZ_MT874924.1,4055,416
NZ_MT874924.1,4056,416
NZ_MT874924.1,4057,416
NZ_MT874924.1,4058,416
NZ_MT874924.1,4059,416
NZ_MT874924.1,4060,416
NZ_MT874924.1,4061,416
NZ_MT874924.1,4062,416
NZ_MT874924.1,4063,416
NZ_MT874924.1,4064,416
NZ_MT874924.1,4065,416
NZ_MT874924.1,4066,416
NZ_MT874924.1,4067,416
NZ_MT874924.1,4068,416
NZ_MT874924.1,4069,416
NZ_MT874924.1,4070,416
NZ_MT874924.1,4071,416
NZ_MT874924.1,4072,416
NZ_MT874924.1,4073,416
NZ_MT874924.1,4074,416
NZ_MT874924.1,4075,416
NZ_MT874924.1,4076,416
NZ_MT874924.1,4077,416
NZ_MT874924.1,4078,416
NZ_MT874924.1,4079,416
NZ_MT874924.1,4080,416
NZ_MT874924.1,4081,416
NZ_MT874924.1,4082,416
NZ_MT874924.1,4083,416
NZ_MT874924.1,4084,416
NZ_MT874924.1,4085,416
NZ_MT874924.1,4086,416
NZ_MT874924.1,4087,416
NZ_MT874924.1,4088,416
NZ_MT874924.1,4089,416
NZ_MT874924.1,4090,416
NZ_MT874924.1,4091,416
NZ_MT874924.1,4092,416
NZ_MT874924.1,4093,416
NZ_MT874924.1,4094,416
NZ_MT874924.1,4095,416
NZ_MT874924.1,4096,416
NZ_MT874924.1,4097,416
NZ_MT874924.1,4098,416
NZ_MT874924.1,4099,416
NZ_MT874924.1,4100,416
NZ_MT874924.1,4101,416
NZ_MT874924.1,4102,416
NZ_MT874924.1,4103,416
NZ_MT874924.1,4104,416
NZ_MT874924.1,4105,416
NZ_MT874924.1,4106,416
NZ_MT874924.1,4107,416
NZ_MT874924.1,4108,416
NZ_MT874924.1,4109,416
NZ_MT874924.1,4110,416
NZ_MT874924.1,4111,416
NZ_MT874924.1,4112,416
NZ_MT874924.1,4113,416
NZ_MT874924.1,4114,416
NZ_MT874924.1,4115,416
NZ_MT874924.1,4116,416
NZ_MT874924.1,4117,416
NZ_MT874924.1,4118,416
NZ_MT874924.1,4119,416
NZ_MT874924.1,4120,416
NZ_MT874924.1,4121,416
NZ_MT874924.1,4122,416
NZ_MT874924.1,4123,416
NZ_MT874924.1,4124,416
NZ_MT874924.1,4125,416
NZ_MT874924.1,4126,416
NZ_MT874924.1,4127,416
NZ_MT874924.1,4128,416
NZ_MT874924.1,4129,416
NZ_MT874924.1,4130,416
NZ_MT874924.1,4131,416
NZ_MT874924.1,4132,416
NZ_MT874924.1,4133,416
NZ_MT874924.1,4134,416
NZ_MT874924.1,4135,416
NZ_MT874924.1,4136,416
NZ_MT874924.1,4137,416
NZ_MT874924.1,4138,416
NZ_MT874924.1,4139,416
NZ_MT874924.1,4140,416
NZ_MT874924.1,4141,416
NZ_MT874924.1,4142,416
NZ_MT874924.1,4143,416
NZ_MT874924.1,4144,416
NZ_MT874924.1,4145,416
NZ_MT874924.1,4146,416
NZ_MT874924.1,4147,416
NZ_MT874924.1,4148,416
NZ_MT874924.1,4149,416
NZ_MT874924.1,4150,416
NZ_MT874924.1,4151,416
NZ_MT874924.1,4152,416
NZ_MT874924.1,4153,416
NZ_MT874924.1,4154,416
NZ_MT874924.1,4155,416
NZ_MT874924.1,4156,416
NZ_MT874924.1,4157,416
NZ_MT874924.1,4158,416
NZ_MT874924.1,4159,416
NZ_MT874924.1,4160,416
NZ_MT874924.1,4161,416
NZ_MT874924.1,4162,416
NZ_MT874924.1,4163,416
NZ_MT874924.1,4164,416
NZ_MT874924.1,4165,416
NZ_MT874924.1,4166,416
NZ_MT874924.1,4167,416
NZ_MT874924.1,4168,416
NZ_MT874924.1,4169,416
NZ_MT874924.1,4170,416
NZ_MT874924.1,4171,416
NZ_MT874924.1,4172,416
NZ_MT874924.1,4173,416
NZ_MT874924.1,4174,416
NZ_MT874924.1,4175,416
NZ_MT874924.1,4176,416
NZ_MT874924.1,4177,416
NZ_MT874924.1,4178,416
NZ_MT874924.1,4179,416
NZ_MT874924.1,4180,416
NZ_MT874924.1,4181,416
NZ_MT874924.1,4182,416
NZ_MT874924.1,4183,416
NZ_MT874924.1,4184,416
NZ_MT874924.1,4185,416
NZ_MT874924.1,4186,416
NZ_MT874924.1,4187,416
NZ_MT874924.1,4188,416
NZ_MT874924.1,4189,416
NZ_MT874924.1,4190,416
NZ_MT874924.1,4191,416
NZ_MT874924.1,4192,416
NZ_MT874924.1,4193,416
NZ_MT874924.1,4194,416
NZ_MT874924.1,4195,416
NZ_MT874924.1,4196,416
NZ_MT874924.1,4197,416
NZ_MT874924.1,4198,416
NZ_MT874924.1,4199,416
NZ_MT874924.1,4200,416
NZ_MT874924.1,4201,416
NZ_MT874924.1,4202,416
NZ_MT874924.1,4203,416
NZ_MT874924.1,4204,416
NZ_MT874924.1,4205,416
NZ_MT874924.1,4206,416
NZ_MT874924.1,4207,416
NZ_MT874924.1,4208,416
NZ_MT874924.1,4209,416
NZ_MT874924.1,4210,416
NZ_MT874924.1,4211,416
NZ_MT874924.1,4212,416
NZ_MT874924.1,4213,416
NZ_MT874924.1,4214,416
NZ_MT874924.1,4215,416
NZ_MT874924.1,4216,416
NZ_MT874924.1,4217,416
NZ_MT874924.1,4218,416
NZ_MT874924.1,4219,416
NZ_MT874924.1,4220,416
NZ_MT874924.1,4221,416
NZ_MT874924.1,4222,416
NZ_MT874924.1,4223,416
NZ_MT874924.1,4224,416
NZ_MT874924.1,4225,416
NZ_MT874924.1,4226,416
NZ_MT874924.1,4227,416
NZ_MT874924.1,4228,416
NZ_MT874924.1,4229,416
NZ_MT874924.1,4230,416
NZ_MT874924.1,4231,416
NZ_MT874924.1,4232,416
NZ_MT874924.1,4233,416
NZ_MT874924.1,4234,416
NZ_MT874924.1,4235,416
NZ_MT874924.1,4236,416
NZ_MT874924.1,4237,416
NZ_MT874924.1,4238,416
NZ_MT874924.1,4239,416
NZ_MT874924.1,4240,416
NZ_MT874924.1,4241,416
NZ_MT874924.1,4242,416
NZ_MT874924.1,4243,416
NZ_MT874924.1,4244,416
NZ_MT874924.1,4245,416
NZ_MT874924.1,4246,416
NZ_MT874924.1,4247,416
NZ_MT874924.1,4248,416
NZ_MT874924.1,4249,416
NZ_MT874924.1,4250,416
NZ_MT874924.1,4251,416
NZ_MT874924.1,4252,416
NZ_MT874924.1,4253,416
NZ_MT874924.1,4254,416
NZ_MT874924.1,4255,416
NZ_MT874924.1,4256,416
NZ_MT874924.1,4257,416
NZ_MT874924.1,4258,416
NZ_MT874924.1,4259,416
NZ_MT874924.1,4260,416
NZ_MT874924.1,4261,416
NZ_MT874924.1,4262,416
NZ_MT874924.1,4263,416
NZ_MT874924.1,4264,416
NZ_MT874924.1,4265,416
NZ_MT874924.1,4266,416
NZ_MT874924.1,4267,416
NZ_MT874924.1,4268,416
NZ_MT874924.1,4269,416
NZ_MT874924.1,4270,416
NZ_MT874924.1,4271,416
NZ_MT874924.1,4272,416
NZ_MT874924.1,4273,416
NZ_MT874924.1,4274,416
NZ_MT874924.1,4275,416
NZ_MT874924.1,4276,416
NZ_MT874924.1,4277,416
NZ_MT874924.1,4278,415
NZ_MT874924.1,4279,415
NZ_MT874924.1,4280,415
NZ_MT874924.1,4281,415
NZ_MT874924.1,4282,415
NZ_MT874924.1,4283,415
NZ_MT874924.1,4284,415
NZ_MT874924.1,4285,415
NZ_MT874924.1,4286,415
NZ_MT874924.1,4287,415
NZ_MT874924.1,4288,415
NZ_MT874924.1,4289,415
NZ_MT874924.1,4290,415
NZ_MT874924.1,4291,415
NZ_MT874924.1,4292,415
NZ_MT874924.1,4293,415
NZ_MT874924.1,4294,415
NZ_MT874924.1,4295,415
NZ_MT874924.1,4296,415
NZ_MT874924.1,4297,415
NZ_MT874924.1,4298,415
NZ_MT874924.1,4299,415
NZ_MT874924.1,4300,411
NZ_MT874924.1,4301,411
NZ_MT874924.1,4302,411
NZ_MT874924.1,4303,411
NZ_MT874924.1,4304,411
NZ_MT874924.1,4305,411
NZ_MT874924.1,4306,411
NZ_MT874924.1,4307,411
NZ_MT874924.1,4308,411
NZ_MT874924.1,4309,411
NZ_MT874924.1,4310,411
NZ_MT874924.1,4311,411
NZ_MT874924.1,4312,411
NZ_MT874924.1,4313,411
NZ_MT874924.1,4314,411
NZ_MT874924.1,4315,411
NZ_MT874924.1,4316,411
NZ_MT874924.1,4317,411
NZ_MT874924.1,4318,411
NZ_MT874924.1,4319,411
NZ_MT874924.1,4320,411
NZ_MT874924.1,4321,411
NZ_MT874924.1,4322,411
NZ_MT874924.1,4323,411
NZ_MT874924.1,4324,411
NZ_MT874924.1,4325,411
NZ_MT874924.1,4326,411
NZ_MT874924.1,4327,411
NZ_MT874924.1,4328,411
NZ_MT874924.1,4329,411
NZ_MT874924.1,4330,411
NZ_MT874924.1,4331,411
NZ_MT874924.1,4332,411
NZ_MT874924.1,4333,411
NZ_MT874924.1,4334,411
NZ_MT874924.1,4335,411
NZ_MT874924.1,4336,411
NZ_MT874924.1,4337,411
NZ_MT874924.1,4338,411
NZ_MT874924.1,4339,411
NZ_MT874924.1,4340,411
NZ_MT874924.1,4341,411
NZ_MT874924.1,4342,411
NZ_MT874924.1,4343,411
NZ_MT874924.1,4344,411
NZ_MT874924.1,4345,411
NZ_MT874924.1,4346,411
NZ_MT874924.1,4347,411
NZ_MT874924.1,4348,411
NZ_MT874924.1,4349,411
NZ_MT874924.1,4350,411
NZ_MT874924.1,4351,411
NZ_MT874924.1,4352,411
NZ_MT874924.1,4353,411
NZ_MT874924.1,4354,411
NZ_MT874924.1,4355,411
NZ_MT874924.1,4356,411
NZ_MT874924.1,4357,411
NZ_MT874924.1,4358,411
NZ_MT874924.1,4359,411
NZ_MT874924.1,4360,411
NZ_MT874924.1,4361,411
NZ_MT874924.1,4362,411
NZ_MT874924.1,4363,411
NZ_MT874924.1,4364,411
NZ_MT874924.1,4365,411
NZ_MT874924.1,4366,411
NZ_MT874924.1,4367,411
NZ_MT874924.1,4368,411
NZ_MT874924.1,4369,411
NZ_MT874924.1,4370,411
NZ_MT874924.1,4371,411
NZ_MT874924.1,4372,411
NZ_MT874924.1,4373,411
NZ_MT874924.1,4374,411
NZ_MT874924.1,4375,411
NZ_MT874924.1,4376,411
NZ_MT874924.1,4377,411
NZ_MT874924.1,4378,411
NZ_MT874924.1,4379,411
NZ_MT874924.1,4380,411
NZ_MT874924.1,4381,411
NZ_MT874924.1,4382,411
NZ_MT874924.1,4383,411
NZ_MT874924.1,4384,411
NZ_MT874924.1,4385,411
NZ_MT874924.1,4386,411
NZ_MT874924.1,4387,411
NZ_MT874924.1,4388,411
NZ_MT874924.1,4389,411
NZ_MT874924.1,4390,411
NZ_MT874924.1,4391,411
NZ_MT874924.1,4392,411
NZ_MT874924.1,4393,411
NZ_MT874924.1,4394,411
NZ_MT874924.1,4395,411
NZ_MT874924.1,4396,411
NZ_MT874924.1,4397,411
NZ_MT874924.1,4398,411
NZ_MT874924.1,4399,411
NZ_MT874924.1,4400,411
NZ_MT874924.1,4401,411
NZ_MT874924.1,4402,411
NZ_MT874924.1,4403,411
NZ_MT874924.1,4404,411
NZ_MT874924.1,4405,411
NZ_MT874924.1,4406,411
NZ_MT874924.1,4407,411
NZ_MT874924.1,4408,411
NZ_MT874924.1,4409,411
NZ_MT874924.1,4410,411
NZ_MT874924.1,4411,411
NZ_MT874924.1,4412,411
NZ_MT874924.1,4413,411
NZ_MT874924.1,4414,411
NZ_MT874924.1,4415,411
NZ_MT874924.1,4416,411
NZ_MT874924.1,4417,411
NZ_MT874924.1,4418,411
NZ_MT874924.1,4419,411
NZ_MT874924.1,4420,411
NZ_MT874924.1,4421,411
NZ_MT874924.1,4422,411
NZ_MT874924.1,4423,411
NZ_MT874924.1,4424,411
NZ_MT874924.1,4425,411
NZ_MT874924.1,4426,411
NZ_MT874924.1,4427,411
NZ_MT874924.1,4428,411
NZ_MT874924.1,4429,411
NZ_MT874924.1,4430,411
NZ_MT874924.1,4431,396
NZ_MT874924.1,4432,411
NZ_MT874924.1,4433,411
NZ_MT874924.1,4434,411
NZ_MT874924.1,4435,411
NZ_MT874924.1,4436,411
NZ_MT874924.1,4437,411
NZ_MT874924.1,4438,411
NZ_MT874924.1,4439,330
NZ_MT874924.1,4440,332
NZ_MT874924.1,4441,411
NZ_MT874924.1,4442,411
NZ_MT874924.1,4443,411
NZ_MT874924.1,4444,411
NZ_MT874924.1,4445,411
NZ_MT874924.1,4446,409
NZ_MT874924.1,4447,411
NZ_MT874924.1,4448,411
NZ_MT874924.1,4449,411
NZ_MT874924.1,4450,411
NZ_MT874924.1,4451,411
NZ_MT874924.1,4452,411
NZ_MT874924.1,4453,410
NZ_MT874924.1,4454,410
NZ_MT874924.1,4455,410
NZ_MT874924.1,4456,410
NZ_MT874924.1,4457,408
NZ_MT874924.1,4458,408
NZ_MT874924.1,4459,410
NZ_MT874924.1,4460,410
NZ_MT874924.1,4461,410
NZ_MT874924.1,4462,410
NZ_MT874924.1,4463,401
NZ_MT874924.1,4464,401
NZ_MT874924.1,4465,401
NZ_MT874924.1,4466,401
NZ_MT874924.1,4467,401
NZ_MT874924.1,4468,401
NZ_MT874924.1,4469,399
NZ_MT874924.1,4470,398
NZ_MT874924.1,4471,398
NZ_MT874924.1,4472,398
NZ_MT874924.1,4473,398
NZ_MT874924.1,4474,398
NZ_MT874924.1,4475,398
NZ_MT874924.1,4476,398
NZ_MT874924.1,4477,398
NZ_MT874924.1,4478,398
NZ_MT874924.1,4479,397
NZ_MT874924.1,4480,398
NZ_MT874924.1,4481,398
NZ_MT874924.1,4482,397
NZ_MT874924.1,4483,398
NZ_MT874924.1,4484,398
NZ_MT874924.1,4485,398
NZ_MT874924.1,4486,398
NZ_MT874924.1,4487,398
NZ_MT874924.1,4488,398
NZ_MT874924.1,4489,398
NZ_MT874924.1,4490,397
NZ_MT874924.1,4491,397
NZ_MT874924.1,4492,398
NZ_MT874924.1,4493,397
NZ_MT874924.1,4494,391
NZ_MT874924.1,4495,392
NZ_MT874924.1,4496,398
NZ_MT874924.1,4497,398
NZ_MT874924.1,4498,392
NZ_MT874924.1,4499,392
NZ_MT874924.1,4500,392
NZ_MT874924.1,4501,398
NZ_MT874924.1,4502,398
NZ_MT874924.1,4503,392
NZ_MT874924.1,4504,392
NZ_MT874924.1,4505,398
NZ_MT874924.1,4506,398
NZ_MT874924.1,4507,398
NZ_MT874924.1,4508,398
NZ_MT874924.1,4509,398
NZ_MT874924.1,4510,398
NZ_MT874924.1,4511,398
NZ_MT874924.1,4512,398
NZ_MT874924.1,4513,398
NZ_MT874924.1,4514,398
NZ_MT874924.1,4515,398
NZ_MT874924.1,4516,392
NZ_MT874924.1,4517,392
NZ_MT874924.1,4518,392
NZ_MT874924.1,4519,392
NZ_MT874924.1,4520,392
NZ_MT874924.1,4521,392
NZ_MT874924.1,4522,392
NZ_MT874924.1,4523,392
NZ_MT874924.1,4524,392
NZ_MT874924.1,4525,392
NZ_MT874924.1,4526,392
NZ_MT874924.1,4527,391
NZ_MT874924.1,4528,392
NZ_MT874924.1,4529,392
NZ_MT874924.1,4530,392
NZ_MT874924.1,4531,392
NZ_MT874924.1,4532,392
NZ_MT874924.1,4533,392
NZ_MT874924.1,4534,392
NZ_MT874924.1,4535,392
NZ_MT874924.1,4536,394
NZ_MT874924.1,4537,394
NZ_MT874924.1,4538,394
NZ_MT874924.1,4539,394
NZ_MT874924.1,4540,394
NZ_MT874924.1,4541,394
NZ_MT874924.1,4542,394
NZ_MT874924.1,4543,394
NZ_MT874924.1,4544,394
NZ_MT874924.1,4545,394
NZ_MT874924.1,4546,394
NZ_MT874924.1,4547,394
NZ_MT874924.1,4548,394
NZ_MT874924.1,4549,394
NZ_MT874924.1,4550,394
NZ_MT874924.1,4551,394
NZ_MT874924.1,4552,392
NZ_MT874924.1,4553,392
NZ_MT874924.1,4554,392
NZ_MT874924.1,4555,388
NZ_MT874924.1,4556,387
NZ_MT874924.1,4557,387
NZ_MT874924.1,4558,389
NZ_MT874924.1,4559,389
NZ_MT874924.1,4560,389
NZ_MT874924.1,4561,390
NZ_MT874924.1,4562,390
NZ_MT874924.1,4563,390
NZ_MT874924.1,4564,388
NZ_MT874924.1,4565,388
NZ_MT874924.1,4566,388
NZ_MT874924.1,4567,388
NZ_MT874924.1,4568,388
NZ_MT874924.1,4569,390
NZ_MT874924.1,4570,390
NZ_MT874924.1,4571,390
NZ_MT874924.1,4572,390
NZ_MT874924.1,4573,390
NZ_MT874924.1,4574,390
NZ_MT874924.1,4575,390
NZ_MT874924.1,4576,390
NZ_MT874924.1,4577,390
NZ_MT874924.1,4578,390
NZ_MT874924.1,4579,390
NZ_MT874924.1,4580,390
NZ_MT874924.1,4581,389
NZ_MT874924.1,4582,390
NZ_MT874924.1,4583,390
NZ_MT874924.1,4584,389
NZ_MT874924.1,4585,390
NZ_MT874924.1,4586,390
NZ_MT874924.1,4587,390
NZ_MT874924.1,4588,390
NZ_MT874924.1,4589,390
NZ_MT874924.1,4590,390
NZ_MT874924.1,4591,390
NZ_MT874924.1,4592,390
NZ_MT874924.1,4593,390
NZ_MT874924.1,4594,390
NZ_MT874924.1,4595,390
NZ_MT874924.1,4596,390
NZ_MT874924.1,4597,388
NZ_MT874924.1,4598,388
NZ_MT874924.1,4599,388
NZ_MT874924.1,4600,388
NZ_MT874924.1,4601,388
NZ_MT874924.1,4602,388
NZ_MT874924.1,4603,388
NZ_MT874924.1,4604,387
NZ_MT874924.1,4605,387
NZ_MT874924.1,4606,388
NZ_MT874924.1,4607,388
NZ_MT874924.1,4608,388
NZ_MT874924.1,4609,388
NZ_MT874924.1,4610,388
NZ_MT874924.1,4611,390
NZ_MT874924.1,4612,390
NZ_MT874924.1,4613,390
NZ_MT874924.1,4614,388
NZ_MT874924.1,4615,388
NZ_MT874924.1,4616,388
NZ_MT874924.1,4617,388
NZ_MT874924.1,4618,388
NZ_MT874924.1,4619,388
NZ_MT874924.1,4620,388
NZ_MT874924.1,4621,388
NZ_MT874924.1,4622,388
NZ_MT874924.1,4623,388
NZ_MT874924.1,4624,388
NZ_MT874924.1,4625,388
NZ_MT874924.1,4626,388
NZ_MT874924.1,4627,388
NZ_MT874924.1,4628,388
NZ_MT874924.1,4629,388
NZ_MT874924.1,4630,388
NZ_MT874924.1,4631,388
NZ_MT874924.1,4632,388
NZ_MT874924.1,4633,386
NZ_MT874924.1,4634,386
NZ_MT874924.1,4635,388
NZ_MT874924.1,4636,388
NZ_MT874924.1,4637,388
NZ_MT874924.1,4638,388
NZ_MT874924.1,4639,388
NZ_MT874924.1,4640,388
NZ_MT874924.1,4641,388
NZ_MT874924.1,4642,388
NZ_MT874924.1,4643,388
NZ_MT874924.1,4644,388
NZ_MT874924.1,4645,388
NZ_MT874924.1,4646,388
NZ_MT874924.1,4647,388
NZ_MT874924.1,4648,388
NZ_MT874924.1,4649,388
NZ_MT874924.1,4650,387
NZ_MT874924.1,4651,388
NZ_MT874924.1,4652,388
NZ_MT874924.1,4653,388
NZ_MT874924.1,4654,388
NZ_MT874924.1,4655,386
NZ_MT874924.1,4656,388
NZ_MT874924.1,4657,388
NZ_MT874924.1,4658,388
NZ_MT874924.1,4659,388
NZ_MT874924.1,4660,388
NZ_MT874924.1,4661,388
NZ_MT874924.1,4662,386
NZ_MT874924.1,4663,388
NZ_MT874924.1,4664,394
NZ_MT874924.1,4665,394
NZ_MT874924.1,4666,394
NZ_MT874924.1,4667,394
NZ_MT874924.1,4668,394
NZ_MT874924.1,4669,394
NZ_MT874924.1,4670,388
NZ_MT874924.1,4671,388
NZ_MT874924.1,4672,388
NZ_MT874924.1,4673,388
NZ_MT874924.1,4674,388
NZ_MT874924.1,4675,388
NZ_MT874924.1,4676,388
NZ_MT874924.1,4677,388
NZ_MT874924.1,4678,388
NZ_MT874924.1,4679,394
NZ_MT874924.1,4680,394
NZ_MT874924.1,4681,388
NZ_MT874924.1,4682,394
NZ_MT874924.1,4683,394
NZ_MT874924.1,4684,394
NZ_MT874924.1,4685,394
NZ_MT874924.1,4686,394
NZ_MT874924.1,4687,394
NZ_MT874924.1,4688,388
NZ_MT874924.1,4689,394
NZ_MT874924.1,4690,394
NZ_MT874924.1,4691,394
NZ_MT874924.1,4692,394
NZ_MT874924.1,4693,386
NZ_MT874924.1,4694,386
NZ_MT874924.1,4695,386
NZ_MT874924.1,4696,386
NZ_MT874924.1,4697,388
NZ_MT874924.1,4698,388
NZ_MT874924.1,4699,388
NZ_MT874924.1,4700,388
NZ_MT874924.1,4701,394
NZ_MT874924.1,4702,394
NZ_MT874924.1,4703,394
NZ_MT874924.1,4704,394
NZ_MT874924.1,4705,394
NZ_MT874924.1,4706,394
NZ_MT874924.1,4707,394
NZ_MT874924.1,4708,394
NZ_MT874924.1,4709,394
NZ_MT874924.1,4710,394
NZ_MT874924.1,4711,394
NZ_MT874924.1,4712,394
NZ_MT874924.1,4713,394
NZ_MT874924.1,4714,394
NZ_MT874924.1,4715,394
NZ_MT874924.1,4716,394
NZ_MT874924.1,4717,394
NZ_MT874924.1,4718,394
NZ_MT874924.1,4719,386
NZ_MT874924.1,4720,386
NZ_MT874924.1,4721,386
NZ_MT874924.1,4722,386
NZ_MT874924.1,4723,394
NZ_MT874924.1,4724,394
NZ_MT874924.1,4725,394
NZ_MT874924.1,4726,394
NZ_MT874924.1,4727,394
NZ_MT874924.1,4728,394
NZ_MT874924.1,4729,394
NZ_MT874924.1,4730,394
NZ_MT874924.1,4731,394
NZ_MT874924.1,4732,394
NZ_MT874924.1,4733,394
NZ_MT874924.1,4734,394
NZ_MT874924.1,4735,394
NZ_MT874924.1,4736,394
NZ_MT874924.1,4737,394
NZ_MT874924.1,4738,394
NZ_MT874924.1,4739,394
NZ_MT874924.1,4740,394
NZ_MT874924.1,4741,386
NZ_MT874924.1,4742,386
NZ_MT874924.1,4743,386
NZ_MT874924.1,4744,394
NZ_MT874924.1,4745,394
NZ_MT874924.1,4746,394
NZ_MT874924.1,4747,394
NZ_MT874924.1,4748,386
NZ_MT874924.1,4749,386
NZ_MT874924.1,4750,394
NZ_MT874924.1,4751,394
NZ_MT874924.1,4752,394
NZ_MT874924.1,4753,394
NZ_MT874924.1,4754,394
NZ_MT874924.1,4755,394
NZ_MT874924.1,4756,386
NZ_MT874924.1,4757,386
NZ_MT874924.1,4758,386
NZ_MT874924.1,4759,386
NZ_MT874924.1,4760,394
NZ_MT874924.1,4761,394
NZ_MT874924.1,4762,394
NZ_MT874924.1,4763,394
NZ_MT874924.1,4764,394
NZ_MT874924.1,4765,394
NZ_MT874924.1,4766,394
NZ_MT874924.1,4767,394
NZ_MT874924.1,4768,394
NZ_MT874924.1,4769,394
NZ_MT874924.1,4770,394
NZ_MT874924.1,4771,394
NZ_MT874924.1,4772,394
NZ_MT874924.1,4773,394
NZ_MT874924.1,4774,394
NZ_MT874924.1,4775,393
NZ_MT874924.1,4776,394
NZ_MT874924.1,4777,394
NZ_MT874924.1,4778,394
NZ_MT874924.1,4779,394
NZ_MT874924.1,4780,394
NZ_MT874924.1,4781,394
NZ_MT874924.1,4782,394
NZ_MT874924.1,4783,393
NZ_MT874924.1,4784,393
NZ_MT874924.1,4785,392
NZ_MT874924.1,4786,392
NZ_MT874924.1,4787,385
NZ_MT874924.1,4788,385
NZ_MT874924.1,4789,385
NZ_MT874924.1,4790,385
NZ_MT874924.1,4791,385
NZ_MT874924.1,4792,385
NZ_MT874924.1,4793,385
NZ_MT874924.1,4794,385
NZ_MT874924.1,4795,385
NZ_MT874924.1,4796,385
NZ_MT874924.1,4797,385
NZ_MT874924.1,4798,393
NZ_MT874924.1,4799,393
NZ_MT874924.1,4800,384
NZ_MT874924.1,4801,393
NZ_MT874924.1,4802,393
NZ_MT874924.1,4803,393
NZ_MT874924.1,4804,393
NZ_MT874924.1,4805,393
NZ_MT874924.1,4806,393
NZ_MT874924.1,4807,393
NZ_MT874924.1,4808,393
NZ_MT874924.1,4809,393
NZ_MT874924.1,4810,393
NZ_MT874924.1,4811,393
NZ_MT874924.1,4812,393
NZ_MT874924.1,4813,374
NZ_MT874924.1,4814,374
NZ_MT874924.1,4815,374
NZ_MT874924.1,4816,374
NZ_MT874924.1,4817,374
NZ_MT874924.1,4818,374
NZ_MT874924.1,4819,374
NZ_MT874924.1,4820,374
NZ_MT874924.1,4821,374
NZ_MT874924.1,4822,374
NZ_MT874924.1,4823,374
NZ_MT874924.1,4824,374
NZ_MT874924.1,4825,374
NZ_MT874924.1,4826,374
NZ_MT874924.1,4827,374
NZ_MT874924.1,4828,374
NZ_MT874924.1,4829,374
NZ_MT874924.1,4830,374
NZ_MT874924.1,4831,374
NZ_MT874924.1,4832,374
NZ_MT874924.1,4833,374
NZ_MT874924.1,4834,374
NZ_MT874924.1,4835,374
NZ_MT874924.1,4836,374
NZ_MT874924.1,4837,374
NZ_MT874924.1,4838,374
NZ_MT874924.1,4839,374
NZ_MT874924.1,4840,374
NZ_MT874924.1,4841,376
NZ_MT874924.1,4842,376
NZ_MT874924.1,4843,376
NZ_MT874924.1,4844,376
NZ_MT874924.1,4845,376
NZ_MT874924.1,4846,376
NZ_MT874924.1,4847,376
NZ_MT874924.1,4848,376
NZ_MT874924.1,4849,376
NZ_MT874924.1,4850,376
NZ_MT874924.1,4851,376
NZ_MT874924.1,4852,376
NZ_MT874924.1,4853,376
NZ_MT874924.1,4854,376
NZ_MT874924.1,4855,376
NZ_MT874924.1,4856,376
NZ_MT874924.1,4857,376
NZ_MT874924.1,4858,376
NZ_MT874924.1,4859,376
NZ_MT874924.1,4860,376
NZ_MT874924.1,4861,376
NZ_MT874924.1,4862,376
NZ_MT874924.1,4863,376
NZ_MT874924.1,4864,376
NZ_MT874924.1,4865,376
NZ_MT874924.1,4866,376
NZ_MT874924.1,4867,376
NZ_MT874924.1,4868,376
NZ_MT874924.1,4869,376
NZ_MT874924.1,4870,376
NZ_MT874924.1,4871,376
NZ_MT874924.1,4872,376
NZ_MT874924.1,4873,376
NZ_MT874924.1,4874,376
NZ_MT874924.1,4875,376
NZ_MT874924.1,4876,376
NZ_MT874924.1,4877,376
NZ_MT874924.1,4878,375
NZ_MT874924.1,4879,375
NZ_MT874924.1,4880,375
NZ_MT874924.1,4881,375
NZ_MT874924.1,4882,375
NZ_MT874924.1,4883,375
NZ_MT874924.1,4884,375
NZ_MT874924.1,4885,375
NZ_MT874924.1,4886,375
NZ_MT874924.1,4887,375
NZ_MT874924.1,4888,375
NZ_MT874924.1,4889,375
NZ_MT874924.1,4890,375
NZ_MT874924.1,4891,375
NZ_MT874924.1,4892,375
NZ_MT874924.1,4893,375
NZ_MT874924.1,4894,375
NZ_MT874924.1,4895,375
NZ_MT874924.1,4896,375
NZ_MT874924.1,4897,375
NZ_MT874924.1,4898,375
NZ_MT874924.1,4899,375
NZ_MT874924.1,4900,375
NZ_MT874924.1,4901,375
NZ_MT874924.1,4902,375
NZ_MT874924.1,4903,375
NZ_MT874924.1,4904,375
NZ_MT874924.1,4905,375
NZ_MT874924.1,4906,375
NZ_MT874924.1,4907,375
NZ_MT874924.1,4908,375
NZ_MT874924.1,4909,375
NZ_MT874924.1,4910,375
NZ_MT874924.1,4911,375
NZ_MT874924.1,4912,375
NZ_MT874924.1,4913,375
NZ_MT874924.1,4914,375
NZ_MT874924.1,4915,375
NZ_MT874924.1,4916,375
NZ_MT874924.1,4917,375
NZ_MT874924.1,4918,375
NZ_MT874924.1,4919,375
NZ_MT874924.1,4920,375
NZ_MT874924.1,4921,375
NZ_MT874924.1,4922,375
NZ_MT874924.1,4923,375
NZ_MT874924.1,4924,375
NZ_MT874924.1,4925,375
NZ_MT874924.1,4926,375
NZ_MT874924.1,4927,375
NZ_MT874924.1,4928,375
NZ_MT874924.1,4929,375
NZ_MT874924.1,4930,375
NZ_MT874924.1,4931,375
NZ_MT874924.1,4932,375
NZ_MT874924.1,4933,375
NZ_MT874924.1,4934,375
NZ_MT874924.1,4935,375
NZ_MT874924.1,4936,375
NZ_MT874924.1,4937,375
NZ_MT874924.1,4938,375
NZ_MT874924.1,4939,375
NZ_MT874924.1,4940,375
NZ_MT874924.1,4941,375
NZ_MT874924.1,4942,375
NZ_MT874924.1,4943,375
NZ_MT874924.1,4944,375
NZ_MT874924.1,4945,375
NZ_MT874924.1,4946,375
NZ_MT874924.1,4947,375
NZ_MT874924.1,4948,375
NZ_MT874924.1,4949,375
NZ_MT874924.1,4950,375
NZ_MT874924.1,4951,375
NZ_MT874924.1,4952,375
NZ_MT874924.1,4953,375
NZ_MT874924.1,4954,375
NZ_MT874924.1,4955,375
NZ_MT874924.1,4956,375
NZ_MT874924.1,4957,375
NZ_MT874924.1,4958,375
NZ_MT874924.1,4959,375
NZ_MT874924.1,4960,375
NZ_MT874924.1,4961,375
NZ_MT874924.1,4962,375
NZ_MT874924.1,4963,375
NZ_MT874924.1,4964,375
NZ_MT874924.1,4965,375
NZ_MT874924.1,4966,375
NZ_MT874924.1,4967,375
NZ_MT874924.1,4968,375
NZ_MT874924.1,4969,375
NZ_MT874924.1,4970,375
NZ_MT874924.1,4971,375
NZ_MT874924.1,4972,375
NZ_MT874924.1,4973,375
NZ_MT874924.1,4974,375
NZ_MT874924.1,4975,375
NZ_MT874924.1,4976,375
NZ_MT874924.1,4977,375
NZ_MT874924.1,4978,375
NZ_MT874924.1,4979,375
NZ_MT874924.1,4980,375
NZ_MT874924.1,4981,375
NZ_MT874924.1,4982,375
NZ_MT874924.1,4983,375
NZ_MT874924.1,4984,375
NZ_MT874924.1,4985,375
NZ_MT874924.1,4986,375
NZ_MT874924.1,4987,375
NZ_MT874924.1,4988,375
NZ_MT874924.1,4989,375
NZ_MT874924.1,4990,375
NZ_MT874924.1,4991,375
NZ_MT874924.1,4992,375
NZ_MT874924.1,4993,375
NZ_MT874924.1,4994,375
NZ_MT874924.1,4995,375
NZ_MT874924.1,4996,375
NZ_MT874924.1,4997,375
NZ_MT874924.1,4998,375
NZ_MT874924.1,4999,375
NZ_MT874924.1,5000,375
NZ_MT874924.1,5001,375
NZ_MT874924.1,5002,375
NZ_MT874924.1,5003,375
NZ_MT874924.1,5004,375
NZ_MT874924.1,5005,375
NZ_MT874924.1,5006,375
NZ_MT874924.1,5007,375
NZ_MT874924.1,5008,375
NZ_MT874924.1,5009,375
NZ_MT874924.1,5010,375
NZ_MT874924.1,5011,375
NZ_MT874924.1,5012,375
NZ_MT874924.1,5013,375
NZ_MT874924.1,5014,375
NZ_MT874924.1,5015,375
NZ_MT874924.1,5016,375
NZ_MT874924.1,5017,375
NZ_MT874924.1,5018,375
NZ_MT874924.1,5019,375
NZ_MT874924.1,5020,375
NZ_MT874924.1,5021,375
NZ_MT874924.1,5022,375
NZ_MT874924.1,5023,375
NZ_MT874924.1,5024,375
NZ_MT874924.1,5025,375
NZ_MT874924.1,5026,375
NZ_MT874924.1,5027,375
NZ_MT874924.1,5028,375
NZ_MT874924.1,5029,375
NZ_MT874924.1,5030,375
NZ_MT874924.1,5031,375
NZ_MT874924.1,5032,375
NZ_MT874924.1,5033,375
NZ_MT874924.1,5034,375
NZ_MT874924.1,5035,375
NZ_MT874924.1,5036,375
NZ_MT874924.1,5037,375
NZ_MT874924.1,5038,375
NZ_MT874924.1,5039,375
NZ_MT874924.1,5040,375
NZ_MT874924.1,5041,375
NZ_MT874924.1,5042,375
NZ_MT874924.1,5043,375
NZ_MT874924.1,5044,375
NZ_MT874924.1,5045,375
NZ_MT874924.1,5046,375
NZ_MT874924.1,5047,375
NZ_MT874924.1,5048,375
NZ_MT874924.1,5049,375
NZ_MT874924.1,5050,375
NZ_MT874924.1,5051,375
NZ_MT874924.1,5052,375
NZ_MT874924.1,5053,375
NZ_MT874924.1,5054,375
NZ_MT874924.1,5055,375
NZ_MT874924.1,5056,375
NZ_MT874924.1,5057,375
NZ_MT874924.1,5058,375
NZ_MT874924.1,5059,375
NZ_MT874924.1,5060,375
NZ_MT874924.1,5061,375
NZ_MT874924.1,5062,375
NZ_MT874924.1,5063,375
NZ_MT874924.1,5064,375
NZ_MT874924.1,5065,375
NZ_MT874924.1,5066,375
NZ_MT874924.1,5067,375
NZ_MT874924.1,5068,375
NZ_MT874924.1,5069,375
NZ_MT874924.1,5070,375
NZ_MT874924.1,5071,375
NZ_MT874924.1,5072,375
NZ_MT874924.1,5073,375
NZ_MT874924.1,5074,375
NZ_MT874924.1,5075,375
NZ_MT874924.1,5076,375
NZ_MT874924.1,5077,375
NZ_MT874924.1,5078,375
NZ_MT874924.1,5079,375
NZ_MT874924.1,5080,375
NZ_MT874924.1,5081,375
NZ_MT874924.1,5082,375
NZ_MT874924.1,5083,375
NZ_MT874924.1,5084,375
NZ_MT874924.1,5085,375
NZ_MT874924.1,5086,375
NZ_MT874924.1,5087,375
NZ_MT874924.1,5088,375
NZ_MT874924.1,5089,375
NZ_MT874924.1,5090,375
NZ_MT874924.1,5091,375
NZ_MT874924.1,5092,375
NZ_MT874924.1,5093,375
NZ_MT874924.1,5094,375
NZ_MT874924.1,5095,375
NZ_MT874924.1,5096,375
NZ_MT874924.1,5097,375
NZ_MT874924.1,5098,375
NZ_MT874924.1,5099,375
NZ_MT874924.1,5100,375
NZ_MT874924.1,5101,375
NZ_MT874924.1,5102,375
NZ_MT874924.1,5103,375
NZ_MT874924.1,5104,375
NZ_MT874924.1,5105,375
NZ_MT874924.1,5106,375
NZ_MT874924.1,5107,375
NZ_MT874924.1,5108,375
NZ_MT874924.1,5109,375
NZ_MT874924.1,5110,375
NZ_MT874924.1,5111,375
NZ_MT874924.1,5112,375
NZ_MT874924.1,5113,375
NZ_MT874924.1,5114,375
NZ_MT874924.1,5115,375
NZ_MT874924.1,5116,375
NZ_MT874924.1,5117,375
NZ_MT874924.1,5118,375
NZ_MT874924.1,5119,375
NZ_MT874924.1,5120,375
NZ_MT874924.1,5121,375
NZ_MT874924.1,5122,375
NZ_MT874924.1,5123,375
NZ_MT874924.1,5124,375
NZ_MT874924.1,5125,375
NZ_MT874924.1,5126,375
NZ_MT874924.1,5127,375
NZ_MT874924.1,5128,375
NZ_MT874924.1,5129,375
NZ_MT874924.1,5130,375
NZ_MT874924.1,5131,375
NZ_MT874924.1,5132,375
NZ_MT874924.1,5133,375
NZ_MT874924.1,5134,375
NZ_MT874924.1,5135,375
NZ_MT874924.1,5136,375
NZ_MT874924.1,5137,375
NZ_MT874924.1,5138,375
NZ_MT874924.1,5139,375
NZ_MT874924.1,5140,375
NZ_MT874924.1,5141,375
NZ_MT874924.1,5142,375
NZ_MT874924.1,5143,375
NZ_MT874924.1,5144,375
NZ_MT874924.1,5145,375
NZ_MT874924.1,5146,375
NZ_MT874924.1,5147,375
NZ_MT874924.1,5148,375
NZ_MT874924.1,5149,375
NZ_MT874924.1,5150,375
NZ_MT874924.1,5151,375
NZ_MT874924.1,5152,375
NZ_MT874924.1,5153,375
NZ_MT874924.1,5154,375
NZ_MT874924.1,5155,375
NZ_MT874924.1,5156,375
NZ_MT874924.1,5157,375
NZ_MT874924.1,5158,375
NZ_MT874924.1,5159,375
NZ_MT874924.1,5160,375
NZ_MT874924.1,5161,375
NZ_MT874924.1,5162,375
NZ_MT874924.1,5163,375
NZ_MT874924.1,5164,375
NZ_MT874924.1,5165,375
NZ_MT874924.1,5166,375
NZ_MT874924.1,5167,375
NZ_MT874924.1,5168,375
NZ_MT874924.1,5169,375
NZ_MT874924.1,5170,375
NZ_MT874924.1,5171,375
NZ_MT874924.1,5172,375
NZ_MT874924.1,5173,375
NZ_MT874924.1,5174,375
NZ_MT874924.1,5175,375
NZ_MT874924.1,5176,375
NZ_MT874924.1,5177,375
NZ_MT874924.1,5178,375
NZ_MT874924.1,5179,375
NZ_MT874924.1,5180,375
NZ_MT874924.1,5181,375
NZ_MT874924.1,5182,375
NZ_MT874924.1,5183,375
NZ_MT874924.1,5184,375
NZ_MT874924.1,5185,375
NZ_MT874924.1,5186,375
NZ_MT874924.1,5187,375
NZ_MT874924.1,5188,375
NZ_MT874924.1,5189,375
NZ_MT874924.1,5190,375
NZ_MT874924.1,5191,375
NZ_MT874924.1,5192,375
NZ_MT874924.1,5193,375
NZ_MT874924.1,5194,375
NZ_MT874924.1,5195,375
NZ_MT874924.1,5196,375
NZ_MT874924.1,5197,375
NZ_MT874924.1,5198,375
NZ_MT874924.1,5199,375
NZ_MT874924.1,5200,375
NZ_MT874924.1,5201,375
NZ_MT874924.1,5202,375
NZ_MT874924.1,5203,375
NZ_MT874924.1,5204,375
NZ_MT874924.1,5205,375
NZ_MT874924.1,5206,375
NZ_MT874924.1,5207,375
NZ_MT874924.1,5208,375
NZ_MT874924.1,5209,375
NZ_MT874924.1,5210,375
NZ_MT874924.1,5211,375
NZ_MT874924.1,5212,375
NZ_MT874924.1,5213,375
NZ_MT874924.1,5214,375
NZ_MT874924.1,5215,375
NZ_MT874924.1,5216,375
NZ_MT874924.1,5217,375
NZ_MT874924.1,5218,375
NZ_MT874924.1,5219,375
NZ_MT874924.1,5220,375
NZ_MT874924.1,5221,375
NZ_MT874924.1,5222,375
NZ_MT874924.1,5223,375
NZ_MT874924.1,5224,375
NZ_MT874924.1,5225,375
NZ_MT874924.1,5226,375
NZ_MT874924.1,5227,375
NZ_MT874924.1,5228,375
NZ_MT874924.1,5229,375
NZ_MT874924.1,5230,375
NZ_MT874924.1,5231,375
NZ_MT874924.1,5232,375
NZ_MT874924.1,5233,375
NZ_MT874924.1,5234,375
NZ_MT874924.1,5235,375
NZ_MT874924.1,5236,375
NZ_MT874924.1,5237,375
NZ_MT874924.1,5238,375
NZ_MT874924.1,5239,375
NZ_MT874924.1,5240,375
NZ_MT874924.1,5241,375
NZ_MT874924.1,5242,375
NZ_MT874924.1,5243,375
NZ_MT874924.1,5244,375
NZ_MT874924.1,5245,375
NZ_MT874924.1,5246,375
NZ_MT874924.1,5247,375
NZ_MT874924.1,5248,375
NZ_MT874924.1,5249,375
NZ_MT874924.1,5250,375
NZ_MT874924.1,5251,375
NZ_MT874924.1,5252,375
NZ_MT874924.1,5253,375
NZ_MT874924.1,5254,375
NZ_MT874924.1,5255,375
NZ_MT874924.1,5256,375
NZ_MT874924.1,5257,375
NZ_MT874924.1,5258,375
NZ_MT874924.1,5259,375
NZ_MT874924.1,5260,375
NZ_MT874924.1,5261,375
NZ_MT874924.1,5262,375
NZ_MT874924.1,5263,375
NZ_MT874924.1,5264,375
NZ_MT874924.1,5265,375
NZ_MT874924.1,5266,375
NZ_MT874924.1,5267,375
NZ_MT874924.1,5268,375
NZ_MT874924.1,5269,375
NZ_MT874924.1,5270,375
NZ_MT874924.1,5271,375
NZ_MT874924.1,5272,375
NZ_MT874924.1,5273,375
NZ_MT874924.1,5274,375
NZ_MT874924.1,5275,375
NZ_MT874924.1,5276,375
NZ_MT874924.1,5277,375
NZ_MT874924.1,5278,375
NZ_MT874924.1,5279,375
NZ_MT874924.1,5280,375
NZ_MT874924.1,5281,375
NZ_MT874924.1,5282,375
NZ_MT874924.1,5283,375
NZ_MT874924.1,5284,375
NZ_MT874924.1,5285,375
NZ_MT874924.1,5286,375
NZ_MT874924.1,5287,375
NZ_MT874924.1,5288,375
NZ_MT874924.1,5289,375
NZ_MT874924.1,5290,375
NZ_MT874924.1,5291,375
NZ_MT874924.1,5292,375
NZ_MT874924.1,5293,375
NZ_MT874924.1,5294,375
NZ_MT874924.1,5295,375
NZ_MT874924.1,5296,375
NZ_MT874924.1,5297,375
NZ_MT874924.1,5298,375
NZ_MT874924.1,5299,375
NZ_MT874924.1,5300,375
NZ_MT874924.1,5301,375
NZ_MT874924.1,5302,375
NZ_MT874924.1,5303,375
NZ_MT874924.1,5304,375
NZ_MT874924.1,5305,375
NZ_MT874924.1,5306,375
NZ_MT874924.1,5307,375
NZ_MT874924.1,5308,375
NZ_MT874924.1,5309,375
NZ_MT874924.1,5310,375
NZ_MT874924.1,5311,375
NZ_MT874924.1,5312,375
NZ_MT874924.1,5313,375
NZ_MT874924.1,5314,375
NZ_MT874924.1,5315,375
NZ_MT874924.1,5316,375
NZ_MT874924.1,5317,375
NZ_MT874924.1,5318,375
NZ_MT874924.1,5319,375
NZ_MT874924.1,5320,375
NZ_MT874924.1,5321,375
NZ_MT874924.1,5322,375
NZ_MT874924.1,5323,375
NZ_MT874924.1,5324,375
NZ_MT874924.1,5325,375
NZ_MT874924.1,5326,375
NZ_MT874924.1,5327,375
NZ_MT874924.1,5328,375
NZ_MT874924.1,5329,375
NZ_MT874924.1,5330,375
NZ_MT874924.1,5331,375
NZ_MT874924.1,5332,375
NZ_MT874924.1,5333,375
NZ_MT874924.1,5334,375
NZ_MT874924.1,5335,375
NZ_MT874924.1,5336,375
NZ_MT874924.1,5337,375
NZ_MT874924.1,5338,375
NZ_MT874924.1,5339,375
NZ_MT874924.1,5340,375
NZ_MT874924.1,5341,375
NZ_MT874924.1,5342,375
NZ_MT874924.1,5343,375
NZ_MT874924.1,5344,375
NZ_MT874924.1,5345,375
NZ_MT874924.1,5346,375
NZ_MT874924.1,5347,375
NZ_MT874924.1,5348,375
NZ_MT874924.1,5349,375
NZ_MT874924.1,5350,375
NZ_MT874924.1,5351,375
NZ_MT874924.1,5352,375
NZ_MT874924.1,5353,375
NZ_MT874924.1,5354,375
NZ_MT874924.1,5355,375
NZ_MT874924.1,5356,375
NZ_MT874924.1,5357,375
NZ_MT874924.1,5358,375
NZ_MT874924.1,5359,375
NZ_MT874924.1,5360,375
NZ_MT874924.1,5361,375
NZ_MT874924.1,5362,375
NZ_MT874924.1,5363,375
NZ_MT874924.1,5364,375
NZ_MT874924.1,5365,375
NZ_MT874924.1,5366,375
NZ_MT874924.1,5367,375
NZ_MT874924.1,5368,375
NZ_MT874924.1,5369,375
NZ_MT874924.1,5370,375
NZ_MT874924.1,5371,375
NZ_MT874924.1,5372,375
NZ_MT874924.1,5373,375
NZ_MT874924.1,5374,375
NZ_MT874924.1,5375,375
NZ_MT874924.1,5376,375
NZ_MT874924.1,5377,375
NZ_MT874924.1,5378,375
NZ_MT874924.1,5379,375
NZ_MT874924.1,5380,375
NZ_MT874924.1,5381,375
NZ_MT874924.1,5382,375
NZ_MT874924.1,5383,375
NZ_MT874924.1,5384,375
NZ_MT874924.1,5385,375
NZ_MT874924.1,5386,375
NZ_MT874924.1,5387,375
NZ_MT874924.1,5388,375
NZ_MT874924.1,5389,375
NZ_MT874924.1,5390,375
NZ_MT874924.1,5391,375
NZ_MT874924.1,5392,375
NZ_MT874924.1,5393,375
NZ_MT874924.1,5394,375
NZ_MT874924.1,5395,375
NZ_MT874924.1,5396,375
NZ_MT874924.1,5397,375
NZ_MT874924.1,5398,375
NZ_MT874924.1,5399,375
NZ_MT874924.1,5400,375
NZ_MT874924.1,5401,375
NZ_MT874924.1,5402,375
NZ_MT874924.1,5403,375
NZ_MT874924.1,5404,375
NZ_MT874924.1,5405,375
NZ_MT874924.1,5406,375
NZ_MT874924.1,5407,375
NZ_MT874924.1,5408,375
NZ_MT874924.1,5409,375
NZ_MT874924.1,5410,375
NZ_MT874924.1,5411,375
NZ_MT874924.1,5412,375
NZ_MT874924.1,5413,375
NZ_MT874924.1,5414,375
NZ_MT874924.1,5415,375
NZ_MT874924.1,5416,375
NZ_MT874924.1,5417,375
NZ_MT874924.1,5418,375
NZ_MT874924.1,5419,375
NZ_MT874924.1,5420,375
NZ_MT874924.1,5421,375
NZ_MT874924.1,5422,375
NZ_MT874924.1,5423,375
NZ_MT874924.1,5424,375
NZ_MT874924.1,5425,375
NZ_MT874924.1,5426,375
NZ_MT874924.1,5427,375
NZ_MT874924.1,5428,375
NZ_MT874924.1,5429,375
NZ_MT874924.1,5430,375
NZ_MT874924.1,5431,375
NZ_MT874924.1,5432,375
NZ_MT874924.1,5433,375
NZ_MT874924.1,5434,375
NZ_MT874924.1,5435,375
NZ_MT874924.1,5436,375
NZ_MT874924.1,5437,375
NZ_MT874924.1,5438,375
NZ_MT874924.1,5439,375
NZ_MT874924.1,5440,375
NZ_MT874924.1,5441,375
NZ_MT874924.1,5442,375
NZ_MT874924.1,5443,375
NZ_MT874924.1,5444,375
NZ_MT874924.1,5445,375
NZ_MT874924.1,5446,375
NZ_MT874924.1,5447,375
NZ_MT874924.1,5448,375
NZ_MT874924.1,5449,375
NZ_MT874924.1,5450,375
NZ_MT874924.1,5451,375
NZ_MT874924.1,5452,375
NZ_MT874924.1,5453,375
NZ_MT874924.1,5454,375
NZ_MT874924.1,5455,375
NZ_MT874924.1,5456,375
NZ_MT874924.1,5457,375
NZ_MT874924.1,5458,375
NZ_MT874924.1,5459,375
NZ_MT874924.1,5460,375
NZ_MT874924.1,5461,375
NZ_MT874924.1,5462,375
NZ_MT874924.1,5463,375
NZ_MT874924.1,5464,375
NZ_MT874924.1,5465,375
NZ_MT874924.1,5466,375
NZ_MT874924.1,5467,375
NZ_MT874924.1,5468,375
NZ_MT874924.1,5469,375
NZ_MT874924.1,5470,375
NZ_MT874924.1,5471,375
NZ_MT874924.1,5472,375
NZ_MT874924.1,5473,375
NZ_MT874924.1,5474,375
NZ_MT874924.1,5475,375
NZ_MT874924.1,5476,375
NZ_MT874924.1,5477,375
NZ_MT874924.1,5478,375
NZ_MT874924.1,5479,375
NZ_MT874924.1,5480,375
NZ_MT874924.1,5481,375
NZ_MT874924.1,5482,375
NZ_MT874924.1,5483,375
NZ_MT874924.1,5484,375
NZ_MT874924.1,5485,375
NZ_MT874924.1,5486,375
NZ_MT874924.1,5487,375
NZ_MT874924.1,5488,375
NZ_MT874924.1,5489,375
NZ_MT874924.1,5490,375
NZ_MT874924.1,5491,375
NZ_MT874924.1,5492,375
NZ_MT874924.1,5493,375
NZ_MT874924.1,5494,375
NZ_MT874924.1,5495,375
NZ_MT874924.1,5496,375
NZ_MT874924.1,5497,375
NZ_MT874924.1,5498,375
NZ_MT874924.1,5499,375
NZ_MT874924.1,5500,375
NZ_MT874924.1,5501,375
NZ_MT874924.1,5502,375
NZ_MT874924.1,5503,375
NZ_MT874924.1,5504,375
NZ_MT874924.1,5505,375
NZ_MT874924.1,5506,375
NZ_MT874924.1,5507,375
NZ_MT874924.1,5508,375
NZ_MT874924.1,5509,375
NZ_MT874924.1,5510,375
NZ_MT874924.1,5511,375
NZ_MT874924.1,5512,375
NZ_MT874924.1,5513,375
NZ_MT874924.1,5514,375
NZ_MT874924.1,5515,375
NZ_MT874924.1,5516,375
NZ_MT874924.1,5517,375
NZ_MT874924.1,5518,375
NZ_MT874924.1,5519,375
NZ_MT874924.1,5520,375
NZ_MT874924.1,5521,375
NZ_MT874924.1,5522,375
NZ_MT874924.1,5523,375
NZ_MT874924.1,5524,375
NZ_MT874924.1,5525,375
NZ_MT874924.1,5526,375
NZ_MT874924.1,5527,375
NZ_MT874924.1,5528,375
NZ_MT874924.1,5529,375
NZ_MT874924.1,5530,375
NZ_MT874924.1,5531,375
NZ_MT874924.1,5532,375
NZ_MT874924.1,5533,375
NZ_MT874924.1,5534,375
NZ_MT874924.1,5535,375
NZ_MT874924.1,5536,375
NZ_MT874924.1,5537,375
NZ_MT874924.1,5538,375
NZ_MT874924.1,5539,375
NZ_MT874924.1,5540,375
NZ_MT874924.1,5541,375
NZ_MT874924.1,5542,375
NZ_MT874924.1,5543,375
NZ_MT874924.1,5544,375
NZ_MT874924.1,5545,375
NZ_MT874924.1,5546,375
NZ_MT874924.1,5547,375
NZ_MT874924.1,5548,375
NZ_MT874924.1,5549,375
NZ_MT874924.1,5550,375
NZ_MT874924.1,5551,375
NZ_MT874924.1,5552,375
NZ_MT874924.1,5553,375
NZ_MT874924.1,5554,375
NZ_MT874924.1,5555,375
NZ_MT874924.1,5556,375
NZ_MT874924.1,5557,375
NZ_MT874924.1,5558,375
NZ_MT874924.1,5559,375
NZ_MT874924.1,5560,375
NZ_MT874924.1,5561,375
NZ_MT874924.1,5562,375
NZ_MT874924.1,5563,375
NZ_MT874924.1,5564,375
NZ_MT874924.1,5565,375
NZ_MT874924.1,5566,375
NZ_MT874924.1,5567,375
NZ_MT874924.1,5568,375
NZ_MT874924.1,5569,375
NZ_MT874924.1,5570,375
NZ_MT874924.1,5571,375
NZ_MT874924.1,5572,375
NZ_MT874924.1,5573,375
NZ_MT874924.1,5574,375
NZ_MT874924.1,5575,375
NZ_MT874924.1,5576,375
NZ_MT874924.1,5577,375
NZ_MT874924.1,5578,375
NZ_MT874924.1,5579,375
NZ_MT874924.1,5580,375
NZ_MT874924.1,5581,375
NZ_MT874924.1,5582,375
NZ_MT874924.1,5583,375
NZ_MT874924.1,5584,375
NZ_MT874924.1,5585,375
NZ_MT874924.1,5586,375
NZ_MT874924.1,5587,375
NZ_MT874924.1,5588,375
NZ_MT874924.1,5589,375
NZ_MT874924.1,5590,375
NZ_MT874924.1,5591,375
NZ_MT874924.1,5592,375
NZ_MT874924.1,5593,375
NZ_MT874924.1,5594,375
NZ_MT874924.1,5595,375
NZ_MT874924.1,5596,375
NZ_MT874924.1,5597,375
NZ_MT874924.1,5598,375
NZ_MT874924.1,5599,375
NZ_MT874924.1,5600,375
NZ_MT874924.1,5601,375
NZ_MT874924.1,5602,375
NZ_MT874924.1,5603,375
NZ_MT874924.1,5604,375
NZ_MT874924.1,5605,375
NZ_MT874924.1,5606,375
NZ_MT874924.1,5607,375
NZ_MT874924.1,5608,375
NZ_MT874924.1,5609,375
NZ_MT874924.1,5610,375
NZ_MT874924.1,5611,375
NZ_MT874924.1,5612,375
NZ_MT874924.1,5613,375
NZ_MT874924.1,5614,375
NZ_MT874924.1,5615,375
NZ_MT874924.1,5616,375
NZ_MT874924.1,5617,375
NZ_MT874924.1,5618,375
NZ_MT874924.1,5619,375
NZ_MT874924.1,5620,375
NZ_MT874924.1,5621,375
NZ_MT874924.1,5622,375
NZ_MT874924.1,5623,375
NZ_MT874924.1,5624,375
NZ_MT874924.1,5625,375
NZ_MT874924.1,5626,375
NZ_MT874924.1,5627,375
NZ_MT874924.1,5628,375
NZ_MT874924.1,5629,375
NZ_MT874924.1,5630,375
NZ_MT874924.1,5631,375
NZ_MT874924.1,5632,375
NZ_MT874924.1,5633,375
NZ_MT874924.1,5634,375
NZ_MT874924.1,5635,375
NZ_MT874924.1,5636,375
NZ_MT874924.1,5637,375
NZ_MT874924.1,5638,375
NZ_MT874924.1,5639,375
NZ_MT874924.1,5640,375
NZ_MT874924.1,5641,375
NZ_MT874924.1,5642,375
NZ_MT874924.1,5643,375
NZ_MT874924.1,5644,375
NZ_MT874924.1,5645,375
NZ_MT874924.1,5646,375
NZ_MT874924.1,5647,375
NZ_MT874924.1,5648,375
NZ_MT874924.1,5649,375
NZ_MT874924.1,5650,375
NZ_MT874924.1,5651,375
NZ_MT874924.1,5652,375
NZ_MT874924.1,5653,375
NZ_MT874924.1,5654,375
NZ_MT874924.1,5655,375
NZ_MT874924.1,5656,375
NZ_MT874924.1,5657,375
NZ_MT874924.1,5658,375
NZ_MT874924.1,5659,375
NZ_MT874924.1,5660,375
NZ_MT874924.1,5661,375
NZ_MT874924.1,5662,375
NZ_MT874924.1,5663,375
NZ_MT874924.1,5664,375
NZ_MT874924.1,5665,375
NZ_MT874924.1,5666,375
NZ_MT874924.1,5667,375
NZ_MT874924.1,5668,375
NZ_MT874924.1,5669,375
NZ_MT874924.1,5670,375
NZ_MT874924.1,5671,375
NZ_MT874924.1,5672,375
NZ_MT874924.1,5673,375
NZ_MT874924.1,5674,375
NZ_MT874924.1,5675,375
NZ_MT874924.1,5676,375
NZ_MT874924.1,5677,375
NZ_MT874924.1,5678,375
NZ_MT874924.1,5679,375
NZ_MT874924.1,5680,375
NZ_MT874924.1,5681,375
NZ_MT874924.1,5682,375
NZ_MT874924.1,5683,375
NZ_MT874924.1,5684,375
NZ_MT874924.1,5685,375
NZ_MT874924.1,5686,375
NZ_MT874924.1,5687,375
NZ_MT874924.1,5688,375
NZ_MT874924.1,5689,375
NZ_MT874924.1,5690,375
NZ_MT874924.1,5691,375
NZ_MT874924.1,5692,375
NZ_MT874924.1,5693,375
NZ_MT874924.1,5694,375
NZ_MT874924.1,5695,375
NZ_MT874924.1,5696,375
NZ_MT874924.1,5697,375
NZ_MT874924.1,5698,375
NZ_MT874924.1,5699,375
NZ_MT874924.1,5700,375
NZ_MT874924.1,5701,375
NZ_MT874924.1,5702,375
NZ_MT874924.1,5703,375
NZ_MT874924.1,5704,375
NZ_MT874924.1,5705,375
NZ_MT874924.1,5706,375
NZ_MT874924.1,5707,375
NZ_MT874924.1,5708,375
NZ_MT874924.1,5709,375
NZ_MT874924.1,5710,375
NZ_MT874924.1,5711,375
NZ_MT874924.1,5712,375
NZ_MT874924.1,5713,375
NZ_MT874924.1,5714,375
NZ_MT874924.1,5715,375
NZ_MT874924.1,5716,375
NZ_MT874924.1,5717,375
NZ_MT874924.1,5718,375
NZ_MT874924.1,5719,375
NZ_MT874924.1,5720,375
NZ_MT874924.1,5721,375
NZ_MT874924.1,5722,375
NZ_MT874924.1,5723,375
NZ_MT874924.1,5724,375
NZ_MT874924.1,5725,375
NZ_MT874924.1,5726,375
NZ_MT874924.1,5727,375
NZ_MT874924.1,5728,375
NZ_MT874924.1,5729,375
NZ_MT874924.1,5730,375
NZ_MT874924.1,5731,375
NZ_MT874924.1,5732,375
NZ_MT874924.1,5733,375
NZ_MT874924.1,5734,375
NZ_MT874924.1,5735,375
NZ_MT874924.1,5736,375
NZ_MT874924.1,5737,375
NZ_MT874924.1,5738,375
NZ_MT874924.1,5739,375
NZ_MT874924.1,5740,375
NZ_MT874924.1,5741,375
NZ_MT874924.1,5742,375
NZ_MT874924.1,5743,375
NZ_MT874924.1,5744,375
NZ_MT874924.1,5745,375
NZ_MT874924.1,5746,375
NZ_MT874924.1,5747,375
NZ_MT874924.1,5748,375
NZ_MT874924.1,5749,375
NZ_MT874924.1,5750,375
NZ_MT874924.1,5751,375
NZ_MT874924.1,5752,375
NZ_MT874924.1,5753,375
NZ_MT874924.1,5754,375
NZ_MT874924.1,5755,375
NZ_MT874924.1,5756,375
NZ_MT874924.1,5757,375
NZ_MT874924.1,5758,375
NZ_MT874924.1,5759,375
NZ_MT874924.1,5760,375
NZ_MT874924.1,5761,375
NZ_MT874924.1,5762,375
NZ_MT874924.1,5763,375
NZ_MT874924.1,5764,375
NZ_MT874924.1,5765,375
NZ_MT874924.1,5766,375
NZ_MT874924.1,5767,375
NZ_MT874924.1,5768,375
NZ_MT874924.1,5769,375
NZ_MT874924.1,5770,375
NZ_MT874924.1,5771,375
NZ_MT874924.1,5772,375
NZ_MT874924.1,5773,375
NZ_MT874924.1,5774,375
NZ_MT874924.1,5775,375
NZ_MT874924.1,5776,375
NZ_MT874924.1,5777,375
NZ_MT874924.1,5778,375
NZ_MT874924.1,5779,375
NZ_MT874924.1,5780,375
NZ_MT874924.1,5781,375
NZ_MT874924.1,5782,375
NZ_MT874924.1,5783,375
NZ_MT874924.1,5784,375
NZ_MT874924.1,5785,375
NZ_MT874924.1,5786,375
NZ_MT874924.1,5787,375
NZ_MT874924.1,5788,375
NZ_MT874924.1,5789,375
NZ_MT874924.1,5790,375
NZ_MT874924.1,5791,375
NZ_MT874924.1,5792,375
NZ_MT874924.1,5793,375
NZ_MT874924.1,5794,375
NZ_MT874924.1,5795,375
NZ_MT874924.1,5796,375
NZ_MT874924.1,5797,375
NZ_MT874924.1,5798,375
NZ_MT874924.1,5799,375
NZ_MT874924.1,5800,375
NZ_MT874924.1,5801,375
NZ_MT874924.1,5802,375
NZ_MT874924.1,5803,375
NZ_MT874924.1,5804,375
NZ_MT874924.1,5805,375
NZ_MT874924.1,5806,375
NZ_MT874924.1,5807,375
NZ_MT874924.1,5808,375
NZ_MT874924.1,5809,375
NZ_MT874924.1,5810,375
NZ_MT874924.1,5811,375
NZ_MT874924.1,5812,375
NZ_MT874924.1,5813,375
NZ_MT874924.1,5814,375
NZ_MT874924.1,5815,375
NZ_MT874924.1,5816,375
NZ_MT874924.1,5817,375
NZ_MT874924.1,5818,375
NZ_MT874924.1,5819,375
NZ_MT874924.1,5820,375
NZ_MT874924.1,5821,375
NZ_MT874924.1,5822,375
NZ_MT874924.1,5823,375
NZ_MT874924.1,5824,375
NZ_MT874924.1,5825,375
NZ_MT874924.1,5826,375
NZ_MT874924.1,5827,375
NZ_MT874924.1,5828,375
NZ_MT874924.1,5829,375
NZ_MT874924.1,5830,375
NZ_MT874924.1,5831,375
NZ_MT874924.1,5832,375
NZ_MT874924.1,5833,375
NZ_MT874924.1,5834,375
NZ_MT874924.1,5835,375
NZ_MT874924.1,5836,375
NZ_MT874924.1,5837,375
NZ_MT874924.1,5838,375
NZ_MT874924.1,5839,375
NZ_MT874924.1,5840,375
NZ_MT874924.1,5841,375
NZ_MT874924.1,5842,375
NZ_MT874924.1,5843,375
NZ_MT874924.1,5844,375
NZ_MT874924.1,5845,375
NZ_MT874924.1,5846,375
NZ_MT874924.1,5847,375
NZ_MT874924.1,5848,375
NZ_MT874924.1,5849,375
NZ_MT874924.1,5850,375
NZ_MT874924.1,5851,375
NZ_MT874924.1,5852,375
NZ_MT874924.1,5853,375
NZ_MT874924.1,5854,375
NZ_MT874924.1,5855,375
NZ_MT874924.1,5856,375
NZ_MT874924.1,5857,375
NZ_MT874924.1,5858,375
NZ_MT874924.1,5859,375
NZ_MT874924.1,5860,375
NZ_MT874924.1,5861,375
NZ_MT874924.1,5862,375
NZ_MT874924.1,5863,375
NZ_MT874924.1,5864,375
NZ_MT874924.1,5865,375
NZ_MT874924.1,5866,375
NZ_MT874924.1,5867,375
NZ_MT874924.1,5868,375
NZ_MT874924.1,5869,375
NZ_MT874924.1,5870,375
NZ_MT874924.1,5871,375
NZ_MT874924.1,5872,375
NZ_MT874924.1,5873,375
NZ_MT874924.1,5874,375
NZ_MT874924.1,5875,375
NZ_MT874924.1,5876,375
NZ_MT874924.1,5877,375
NZ_MT874924.1,5878,375
NZ_MT874924.1,5879,375
NZ_MT874924.1,5880,375
NZ_MT874924.1,5881,375
NZ_MT874924.1,5882,375
NZ_MT874924.1,5883,375
NZ_MT874924.1,5884,375
NZ_MT874924.1,5885,375
NZ_MT874924.1,5886,375
NZ_MT874924.1,5887,375
NZ_MT874924.1,5888,375
NZ_MT874924.1,5889,375
NZ_MT874924.1,5890,375
NZ_MT874924.1,5891,375
NZ_MT874924.1,5892,375
NZ_MT874924.1,5893,375
NZ_MT874924.1,5894,375
NZ_MT874924.1,5895,375
NZ_MT874924.1,5896,375
NZ_MT874924.1,5897,375
NZ_MT874924.1,5898,375
NZ_MT874924.1,5899,375
NZ_MT874924.1,5900,375
NZ_MT874924.1,5901,375
NZ_MT874924.1,5902,375
NZ_MT874924.1,5903,375
NZ_MT874924.1,5904,375
NZ_MT874924.1,5905,375
NZ_MT874924.1,5906,375
NZ_MT874924.1,5907,375
NZ_MT874924.1,5908,375
NZ_MT874924.1,5909,375
NZ_MT874924.1,5910,375
NZ_MT874924.1,5911,375
NZ_MT874924.1,5912,375
NZ_MT874924.1,5913,375
NZ_MT874924.1,5914,375
NZ_MT874924.1,5915,375
NZ_MT874924.1,5916,375
NZ_MT874924.1,5917,375
NZ_MT874924.1,5918,375
NZ_MT874924.1,5919,375
NZ_MT874924.1,5920,375
NZ_MT874924.1,5921,375
NZ_MT874924.1,5922,375
NZ_MT874924.1,5923,375
NZ_MT874924.1,5924,375
NZ_MT874924.1,5925,375
NZ_MT874924.1,5926,375
NZ_MT874924.1,5927,375
NZ_MT874924.1,5928,375
NZ_MT874924.1,5929,375
NZ_MT874924.1,5930,375
NZ_MT874924.1,5931,375
NZ_MT874924.1,5932,375
NZ_MT874924.1,5933,375
NZ_MT874924.1,5934,375
NZ_MT874924.1,5935,375
NZ_MT874924.1,5936,375
NZ_MT874924.1,5937,375
NZ_MT874924.1,5938,375
NZ_MT874924.1,5939,375
NZ_MT874924.1,5940,375
NZ_MT874924.1,5941,375
NZ_MT874924.1,5942,375
NZ_MT874924.1,5943,375
NZ_MT874924.1,5944,375
NZ_MT874924.1,5945,375
NZ_MT874924.1,5946,375
NZ_MT874924.1,5947,375
NZ_MT874924.1,5948,375
NZ_MT874924.1,5949,375
NZ_MT874924.1,5950,375
NZ_MT874924.1,5951,375
NZ_MT874924.1,5952,375
NZ_MT874924.1,5953,375
NZ_MT874924.1,5954,375
NZ_MT874924.1,5955,375
NZ_MT874924.1,5956,375
NZ_MT874924.1,5957,375
NZ_MT874924.1,5958,375
NZ_MT874924.1,5959,375
NZ_MT874924.1,5960,375
NZ_MT874924.1,5961,375
NZ_MT874924.1,5962,375
NZ_MT874924.1,5963,375
NZ_MT874924.1,5964,375
NZ_MT874924.1,5965,375
NZ_MT874924.1,5966,375
NZ_MT874924.1,5967,375
NZ_MT874924.1,5968,375
NZ_MT874924.1,5969,375
NZ_MT874924.1,5970,375
NZ_MT874924.1,5971,375
NZ_MT874924.1,5972,375
NZ_MT874924.1,5973,375
NZ_MT874924.1,5974,375
NZ_MT874924.1,5975,375
NZ_MT874924.1,5976,375
NZ_MT874924.1,5977,375
NZ_MT874924.1,5978,375
NZ_MT874924.1,5979,375
NZ_MT874924.1,5980,375
NZ_MT874924.1,5981,375
NZ_MT874924.1,5982,375
NZ_MT874924.1,5983,375
NZ_MT874924.1,5984,375
NZ_MT874924.1,5985,375
NZ_MT874924.1,5986,375
NZ_MT874924.1,5987,375
NZ_MT874924.1,5988,375
NZ_MT874924.1,5989,375
NZ_MT874924.1,5990,375
NZ_MT874924.1,5991,375
NZ_MT874924.1,5992,375
NZ_MT874924.1,5993,375
NZ_MT874924.1,5994,375
NZ_MT874924.1,5995,375
NZ_MT874924.1,5996,375
NZ_MT874924.1,5997,375
NZ_MT874924.1,5998,375
NZ_MT874924.1,5999,375
NZ_MT874924.1,6000,375
NZ_MT874924.1,6001,375
NZ_MT874924.1,6002,375
NZ_MT874924.1,6003,375
NZ_MT874924.1,6004,375
NZ_MT874924.1,6005,375
NZ_MT874924.1,6006,375
NZ_MT874924.1,6007,375
NZ_MT874924.1,6008,375
NZ_MT874924.1,6009,375
NZ_MT874924.1,6010,375
NZ_MT874924.1,6011,375
NZ_MT874924.1,6012,375
NZ_MT874924.1,6013,375
NZ_MT874924.1,6014,375
NZ_MT874924.1,6015,375
NZ_MT874924.1,6016,375
NZ_MT874924.1,6017,375
NZ_MT874924.1,6018,375
NZ_MT874924.1,6019,375
NZ_MT874924.1,6020,375
NZ_MT874924.1,6021,375
NZ_MT874924.1,6022,375
NZ_MT874924.1,6023,375
NZ_MT874924.1,6024,375
NZ_MT874924.1,6025,375
NZ_MT874924.1,6026,375
NZ_MT874924.1,6027,375
NZ_MT874924.1,6028,375
NZ_MT874924.1,6029,375
NZ_MT874924.1,6030,375
NZ_MT874924.1,6031,375
NZ_MT874924.1,6032,375
NZ_MT874924.1,6033,375
NZ_MT874924.1,6034,375
NZ_MT874924.1,6035,375
NZ_MT874924.1,6036,375
NZ_MT874924.1,6037,375
NZ_MT874924.1,6038,375
NZ_MT874924.1,6039,375
NZ_MT874924.1,6040,375
NZ_MT874924.1,6041,375
NZ_MT874924.1,6042,375
NZ_MT874924.1,6043,375
NZ_MT874924.1,6044,375
NZ_MT874924.1,6045,375
NZ_MT874924.1,6046,375
NZ_MT874924.1,6047,375
NZ_MT874924.1,6048,375
NZ_MT874924.1,6049,375
NZ_MT874924.1,6050,375
NZ_MT874924.1,6051,375
NZ_MT874924.1,6052,375
NZ_MT874924.1,6053,375
NZ_MT874924.1,6054,375
NZ_MT874924.1,6055,375
NZ_MT874924.1,6056,375
NZ_MT874924.1,6057,375
NZ_MT874924.1,6058,375
NZ_MT874924.1,6059,375
NZ_MT874924.1,6060,375
NZ_MT874924.1,6061,375
NZ_MT874924.1,6062,375
NZ_MT874924.1,6063,375
NZ_MT874924.1,6064,375
NZ_MT874924.1,6065,375
NZ_MT874924.1,6066,375
NZ_MT874924.1,6067,375
NZ_MT874924.1,6068,375
NZ_MT874924.1,6069,375
NZ_MT874924.1,6070,375
NZ_MT874924.1,6071,375
NZ_MT874924.1,6072,375
NZ_MT874924.1,6073,375
NZ_MT874924.1,6074,375
NZ_MT874924.1,6075,375
NZ_MT874924.1,6076,375
NZ_MT874924.1,6077,375
NZ_MT874924.1,6078,375
NZ_MT874924.1,6079,375
NZ_MT874924.1,6080,375
NZ_MT874924.1,6081,375
NZ_MT874924.1,6082,375
NZ_MT874924.1,6083,375
NZ_MT874924.1,6084,375
NZ_MT874924.1,6085,375
NZ_MT874924.1,6086,375
NZ_MT874924.1,6087,375
NZ_MT874924.1,6088,375
NZ_MT874924.1,6089,375
NZ_MT874924.1,6090,375
NZ_MT874924.1,6091,375
NZ_MT874924.1,6092,375
NZ_MT874924.1,6093,375
NZ_MT874924.1,6094,375
NZ_MT874924.1,6095,375
NZ_MT874924.1,6096,375
NZ_MT874924.1,6097,375
NZ_MT874924.1,6098,375
NZ_MT874924.1,6099,375
NZ_MT874924.1,6100,375
NZ_MT874924.1,6101,375
NZ_MT874924.1,6102,375
NZ_MT874924.1,6103,375
NZ_MT874924.1,6104,375
NZ_MT874924.1,6105,375
NZ_MT874924.1,6106,375
NZ_MT874924.1,6107,375
NZ_MT874924.1,6108,375
NZ_MT874924.1,6109,375
NZ_MT874924.1,6110,375
NZ_MT874924.1,6111,375
NZ_MT874924.1,6112,375
NZ_MT874924.1,6113,375
NZ_MT874924.1,6114,375
NZ_MT874924.1,6115,375
NZ_MT874924.1,6116,375
NZ_MT874924.1,6117,375
NZ_MT874924.1,6118,375
NZ_MT874924.1,6119,375
NZ_MT874924.1,6120,375
NZ_MT874924.1,6121,375
NZ_MT874924.1,6122,375
NZ_MT874924.1,6123,375
NZ_MT874924.1,6124,375
NZ_MT874924.1,6125,375
NZ_MT874924.1,6126,375
NZ_MT874924.1,6127,375
NZ_MT874924.1,6128,375
NZ_MT874924.1,6129,375
NZ_MT874924.1,6130,375
NZ_MT874924.1,6131,375
NZ_MT874924.1,6132,375
NZ_MT874924.1,6133,375
NZ_MT874924.1,6134,375
NZ_MT874924.1,6135,375
NZ_MT874924.1,6136,375
NZ_MT874924.1,6137,375
NZ_MT874924.1,6138,375
NZ_MT874924.1,6139,375
NZ_MT874924.1,6140,375
NZ_MT874924.1,6141,375
NZ_MT874924.1,6142,375
NZ_MT874924.1,6143,375
NZ_MT874924.1,6144,375
NZ_MT874924.1,6145,375
NZ_MT874924.1,6146,375
NZ_MT874924.1,6147,375
NZ_MT874924.1,6148,375
NZ_MT874924.1,6149,375
NZ_MT874924.1,6150,375
NZ_MT874924.1,6151,375
NZ_MT874924.1,6152,375
NZ_MT874924.1,6153,375
NZ_MT874924.1,6154,375
NZ_MT874924.1,6155,375
NZ_MT874924.1,6156,375
NZ_MT874924.1,6157,375
NZ_MT874924.1,6158,375
NZ_MT874924.1,6159,375
NZ_MT874924.1,6160,375
NZ_MT874924.1,6161,375
NZ_MT874924.1,6162,375
NZ_MT874924.1,6163,375
NZ_MT874924.1,6164,375
NZ_MT874924.1,6165,375
NZ_MT874924.1,6166,375
NZ_MT874924.1,6167,375
NZ_MT874924.1,6168,375
NZ_MT874924.1,6169,375
NZ_MT874924.1,6170,375
NZ_MT874924.1,6171,375
NZ_MT874924.1,6172,375
NZ_MT874924.1,6173,375
NZ_MT874924.1,6174,375
NZ_MT874924.1,6175,375
NZ_MT874924.1,6176,375
NZ_MT874924.1,6177,375
NZ_MT874924.1,6178,375
NZ_MT874924.1,6179,375
NZ_MT874924.1,6180,375
NZ_MT874924.1,6181,375
NZ_MT874924.1,6182,375
NZ_MT874924.1,6183,375
NZ_MT874924.1,6184,375
NZ_MT874924.1,6185,375
NZ_MT874924.1,6186,375
NZ_MT874924.1,6187,375
NZ_MT874924.1,6188,375
NZ_MT874924.1,6189,375
NZ_MT874924.1,6190,375
NZ_MT874924.1,6191,375
NZ_MT874924.1,6192,375
NZ_MT874924.1,6193,375
NZ_MT874924.1,6194,375
NZ_MT874924.1,6195,375
NZ_MT874924.1,6196,375
NZ_MT874924.1,6197,375
NZ_MT874924.1,6198,375
NZ_MT874924.1,6199,375
NZ_MT874924.1,6200,375
NZ_MT874924.1,6201,375
NZ_MT874924.1,6202,375
NZ_MT874924.1,6203,375
NZ_MT874924.1,6204,375
NZ_MT874924.1,6205,375
NZ_MT874924.1,6206,375
NZ_MT874924.1,6207,375
NZ_MT874924.1,6208,375
NZ_MT874924.1,6209,375
NZ_MT874924.1,6210,375
NZ_MT874924.1,6211,375
NZ_MT874924.1,6212,375
NZ_MT874924.1,6213,375
NZ_MT874924.1,6214,375
NZ_MT874924.1,6215,375
NZ_MT874924.1,6216,375
NZ_MT874924.1,6217,375
NZ_MT874924.1,6218,375
NZ_MT874924.1,6219,375
NZ_MT874924.1,6220,375
NZ_MT874924.1,6221,375
NZ_MT874924.1,6222,375
NZ_MT874924.1,6223,375
NZ_MT874924.1,6224,375
NZ_MT874924.1,6225,375
NZ_MT874924.1,6226,375
NZ_MT874924.1,6227,375
NZ_MT874924.1,6228,375
NZ_MT874924.1,6229,375
NZ_MT874924.1,6230,375
NZ_MT874924.1,6231,375
NZ_MT874924.1,6232,375
NZ_MT874924.1,6233,375
NZ_MT874924.1,6234,375
NZ_MT874924.1,6235,375
NZ_MT874924.1,6236,375
NZ_MT874924.1,6237,375
NZ_MT874924.1,6238,375
NZ_MT874924.1,6239,375
NZ_MT874924.1,6240,375
NZ_MT874924.1,6241,375
NZ_MT874924.1,6242,375
NZ_MT874924.1,6243,375
NZ_MT874924.1,6244,375
NZ_MT874924.1,6245,375
NZ_MT874924.1,6246,375
NZ_MT874924.1,6247,375
NZ_MT874924.1,6248,375
NZ_MT874924.1,6249,375
NZ_MT874924.1,6250,375
NZ_MT874924.1,6251,375
NZ_MT874924.1,6252,375
NZ_MT874924.1,6253,375
NZ_MT874924.1,6254,375
NZ_MT874924.1,6255,375
NZ_MT874924.1,6256,375
NZ_MT874924.1,6257,375
NZ_MT874924.1,6258,375
NZ_MT874924.1,6259,375
NZ_MT874924.1,6260,375
NZ_MT874924.1,6261,375
NZ_MT874924.1,6262,375
NZ_MT874924.1,6263,375
NZ_MT874924.1,6264,375
NZ_MT874924.1,6265,375
NZ_MT874924.1,6266,375
NZ_MT874924.1,6267,375
NZ_MT874924.1,6268,375
NZ_MT874924.1,6269,375
NZ_MT874924.1,6270,375
NZ_MT874924.1,6271,375
NZ_MT874924.1,6272,375
NZ_MT874924.1,6273,375
NZ_MT874924.1,6274,375
NZ_MT874924.1,6275,375
NZ_MT874924.1,6276,375
NZ_MT874924.1,6277,375
NZ_MT874924.1,6278,375
NZ_MT874924.1,6279,375
NZ_MT874924.1,6280,375
NZ_MT874924.1,6281,375
NZ_MT874924.1,6282,375
NZ_MT874924.1,6283,375
NZ_MT874924.1,6284,375
NZ_MT874924.1,6285,375
NZ_MT874924.1,6286,375
NZ_MT874924.1,6287,375
NZ_MT874924.1,6288,375
NZ_MT874924.1,6289,375
NZ_MT874924.1,6290,375
NZ_MT874924.1,6291,375
NZ_MT874924.1,6292,375
NZ_MT874924.1,6293,375
NZ_MT874924.1,6294,375
NZ_MT874924.1,6295,375
NZ_MT874924.1,6296,375
NZ_MT874924.1,6297,375
NZ_MT874924.1,6298,375
NZ_MT874924.1,6299,375
NZ_MT874924.1,6300,375
NZ_MT874924.1,6301,375
NZ_MT874924.1,6302,375
NZ_MT874924.1,6303,375
NZ_MT874924.1,6304,375
NZ_MT874924.1,6305,375
NZ_MT874924.1,6306,375
NZ_MT874924.1,6307,375
NZ_MT874924.1,6308,375
NZ_MT874924.1,6309,375
NZ_MT874924.1,6310,375
NZ_MT874924.1,6311,375
NZ_MT874924.1,6312,375
NZ_MT874924.1,6313,375
NZ_MT874924.1,6314,375
NZ_MT874924.1,6315,375
NZ_MT874924.1,6316,375
NZ_MT874924.1,6317,375
NZ_MT874924.1,6318,375
NZ_MT874924.1,6319,375
NZ_MT874924.1,6320,375
NZ_MT874924.1,6321,375
NZ_MT874924.1,6322,375
NZ_MT874924.1,6323,375
NZ_MT874924.1,6324,375
NZ_MT874924.1,6325,375
NZ_MT874924.1,6326,375
NZ_MT874924.1,6327,375
NZ_MT874924.1,6328,375
NZ_MT874924.1,6329,375
NZ_MT874924.1,6330,375
NZ_MT874924.1,6331,375
NZ_MT874924.1,6332,375
NZ_MT874924.1,6333,375
NZ_MT874924.1,6334,375
NZ_MT874924.1,6335,375
NZ_MT874924.1,6336,375
NZ_MT874924.1,6337,375
NZ_MT874924.1,6338,375
NZ_MT874924.1,6339,375
NZ_MT874924.1,6340,375
NZ_MT874924.1,6341,375
NZ_MT874924.1,6342,375
NZ_MT874924.1,6343,375
NZ_MT874924.1,6344,375
NZ_MT874924.1,6345,375
NZ_MT874924.1,6346,375
NZ_MT874924.1,6347,375
NZ_MT874924.1,6348,375
NZ_MT874924.1,6349,375
NZ_MT874924.1,6350,375
NZ_MT874924.1,6351,375
NZ_MT874924.1,6352,375
NZ_MT874924.1,6353,375
NZ_MT874924.1,6354,375
NZ_MT874924.1,6355,375
NZ_MT874924.1,6356,375
NZ_MT874924.1,6357,375
NZ_MT874924.1,6358,375
NZ_MT874924.1,6359,375
NZ_MT874924.1,6360,375
NZ_MT874924.1,6361,375
NZ_MT874924.1,6362,375
NZ_MT874924.1,6363,375
NZ_MT874924.1,6364,375
NZ_MT874924.1,6365,375
NZ_MT874924.1,6366,375
NZ_MT874924.1,6367,375
NZ_MT874924.1,6368,375
NZ_MT874924.1,6369,375
NZ_MT874924.1,6370,375
NZ_MT874924.1,6371,375
NZ_MT874924.1,6372,375
NZ_MT874924.1,6373,375
NZ_MT874924.1,6374,375
NZ_MT874924.1,6375,375
NZ_MT874924.1,6376,375
NZ_MT874924.1,6377,375
NZ_MT874924.1,6378,375
NZ_MT874924.1,6379,375
NZ_MT874924.1,6380,375
NZ_MT874924.1,6381,375
NZ_MT874924.1,6382,375
NZ_MT874924.1,6383,375
NZ_MT874924.1,6384,375
NZ_MT874924.1,6385,375
NZ_MT874924.1,6386,375
NZ_MT874924.1,6387,375
NZ_MT874924.1,6388,375
NZ_MT874924.1,6389,375
NZ_MT874924.1,6390,375
NZ_MT874924.1,6391,375
NZ_MT874924.1,6392,375
NZ_MT874924.1,6393,375
NZ_MT874924.1,6394,375
NZ_MT874924.1,6395,375
NZ_MT874924.1,6396,375
NZ_MT874924.1,6397,375
NZ_MT874924.1,6398,375
NZ_MT874924.1,6399,375
NZ_MT874924.1,6400,375
NZ_MT874924.1,6401,375
NZ_MT874924.1,6402,375
NZ_MT874924.1,6403,375
NZ_MT874924.1,6404,375
NZ_MT874924.1,6405,375
NZ_MT874924.1,6406,375
NZ_MT874924.1,6407,375
NZ_MT874924.1,6408,375
NZ_MT874924.1,6409,375
NZ_MT874924.1,6410,375
NZ_MT874924.1,6411,375
NZ_MT874924.1,6412,375
NZ_MT874924.1,6413,375
NZ_MT874924.1,6414,375
NZ_MT874924.1,6415,375
NZ_MT874924.1,6416,375
NZ_MT874924.1,6417,375
NZ_MT874924.1,6418,375
NZ_MT874924.1,6419,375
NZ_MT874924.1,6420,375
NZ_MT874924.1,6421,375
NZ_MT874924.1,6422,375
NZ_MT874924.1,6423,375
NZ_MT874924.1,6424,375
NZ_MT874924.1,6425,375
NZ_MT874924.1,6426,375
NZ_MT874924.1,6427,375
NZ_MT874924.1,6428,375
NZ_MT874924.1,6429,375
NZ_MT874924.1,6430,375
NZ_MT874924.1,6431,375
NZ_MT874924.1,6432,375
NZ_MT874924.1,6433,375
NZ_MT874924.1,6434,375
NZ_MT874924.1,6435,375
NZ_MT874924.1,6436,375
NZ_MT874924.1,6437,375
NZ_MT874924.1,6438,375
NZ_MT874924.1,6439,375
NZ_MT874924.1,6440,375
NZ_MT874924.1,6441,375
NZ_MT874924.1,6442,375
NZ_MT874924.1,6443,375
NZ_MT874924.1,6444,375
NZ_MT874924.1,6445,375
NZ_MT874924.1,6446,375
NZ_MT874924.1,6447,375
NZ_MT874924.1,6448,375
NZ_MT874924.1,6449,375
NZ_MT874924.1,6450,375
NZ_MT874924.1,6451,375
NZ_MT874924.1,6452,375
NZ_MT874924.1,6453,375
NZ_MT874924.1,6454,375
NZ_MT874924.1,6455,375
NZ_MT874924.1,6456,375
NZ_MT874924.1,6457,375
NZ_MT874924.1,6458,375
NZ_MT874924.1,6459,375
NZ_MT874924.1,6460,375
NZ_MT874924.1,6461,375
NZ_MT874924.1,6462,375
NZ_MT874924.1,6463,375
NZ_MT874924.1,6464,375
NZ_MT874924.1,6465,375
NZ_MT874924.1,6466,375
NZ_MT874924.1,6467,375
NZ_MT874924.1,6468,375
NZ_MT874924.1,6469,375
NZ_MT874924.1,6470,375
NZ_MT874924.1,6471,375
NZ_MT874924.1,6472,375
NZ_MT874924.1,6473,375
NZ_MT874924.1,6474,375
NZ_MT874924.1,6475,375
NZ_MT874924.1,6476,375
NZ_MT874924.1,6477,375
NZ_MT874924.1,6478,375
NZ_MT874924.1,6479,375
NZ_MT874924.1,6480,375
NZ_MT874924.1,6481,375
NZ_MT874924.1,6482,375
NZ_MT874924.1,6483,375
NZ_MT874924.1,6484,375
NZ_MT874924.1,6485,375
NZ_MT874924.1,6486,375
NZ_MT874924.1,6487,375
NZ_MT874924.1,6488,375
NZ_MT874924.1,6489,375
NZ_MT874924.1,6490,375
NZ_MT874924.1,6491,375
NZ_MT874924.1,6492,375
NZ_MT874924.1,6493,375
NZ_MT874924.1,6494,375
NZ_MT874924.1,6495,375
NZ_MT874924.1,6496,375
NZ_MT874924.1,6497,375
NZ_MT874924.1,6498,375
NZ_MT874924.1,6499,375
NZ_MT874924.1,6500,375
NZ_MT874924.1,6501,375
NZ_MT874924.1,6502,375
NZ_MT874924.1,6503,375
NZ_MT874924.1,6504,375
NZ_MT874924.1,6505,375
NZ_MT874924.1,6506,375
NZ_MT874924.1,6507,375
NZ_MT874924.1,6508,375
NZ_MT874924.1,6509,375
NZ_MT874924.1,6510,375
NZ_MT874924.1,6511,375
NZ_MT874924.1,6512,375
NZ_MT874924.1,6513,375
NZ_MT874924.1,6514,375
NZ_MT874924.1,6515,375
NZ_MT874924.1,6516,375
NZ_MT874924.1,6517,375
NZ_MT874924.1,6518,375
NZ_MT874924.1,6519,375
NZ_MT874924.1,6520,375
NZ_MT874924.1,6521,375
NZ_MT874924.1,6522,375
NZ_MT874924.1,6523,375
NZ_MT874924.1,6524,375
NZ_MT874924.1,6525,375
NZ_MT874924.1,6526,375
NZ_MT874924.1,6527,375
NZ_MT874924.1,6528,375
NZ_MT874924.1,6529,375
NZ_MT874924.1,6530,375
NZ_MT874924.1,6531,375
NZ_MT874924.1,6532,375
NZ_MT874924.1,6533,375
NZ_MT874924.1,6534,375
NZ_MT874924.1,6535,375
NZ_MT874924.1,6536,375
NZ_MT874924.1,6537,375
NZ_MT874924.1,6538,375
NZ_MT874924.1,6539,375
NZ_MT874924.1,6540,375
NZ_MT874924.1,6541,375
NZ_MT874924.1,6542,375
NZ_MT874924.1,6543,375
NZ_MT874924.1,6544,375
NZ_MT874924.1,6545,375
NZ_MT874924.1,6546,375
NZ_MT874924.1,6547,375
NZ_MT874924.1,6548,375
NZ_MT874924.1,6549,375
NZ_MT874924.1,6550,375
NZ_MT874924.1,6551,375
NZ_MT874924.1,6552,375
NZ_MT874924.1,6553,375
NZ_MT874924.1,6554,375
NZ_MT874924.1,6555,375
NZ_MT874924.1,6556,375
NZ_MT874924.1,6557,375
NZ_MT874924.1,6558,375
NZ_MT874924.1,6559,375
NZ_MT874924.1,6560,375
NZ_MT874924.1,6561,375
NZ_MT874924.1,6562,375
NZ_MT874924.1,6563,375
NZ_MT874924.1,6564,375
NZ_MT874924.1,6565,375
NZ_MT874924.1,6566,375
NZ_MT874924.1,6567,375
NZ_MT874924.1,6568,375
NZ_MT874924.1,6569,375
NZ_MT874924.1,6570,375
NZ_MT874924.1,6571,375
NZ_MT874924.1,6572,375
NZ_MT874924.1,6573,375
NZ_MT874924.1,6574,375
NZ_MT874924.1,6575,375
NZ_MT874924.1,6576,375
NZ_MT874924.1,6577,375
NZ_MT874924.1,6578,375
NZ_MT874924.1,6579,375
NZ_MT874924.1,6580,375
NZ_MT874924.1,6581,375
NZ_MT874924.1,6582,375
NZ_MT874924.1,6583,375
NZ_MT874924.1,6584,375
NZ_MT874924.1,6585,375
NZ_MT874924.1,6586,375
NZ_MT874924.1,6587,375
NZ_MT874924.1,6588,375
NZ_MT874924.1,6589,375
NZ_MT874924.1,6590,375
NZ_MT874924.1,6591,375
NZ_MT874924.1,6592,375
NZ_MT874924.1,6593,375
NZ_MT874924.1,6594,375
NZ_MT874924.1,6595,375
NZ_MT874924.1,6596,375
NZ_MT874924.1,6597,375
NZ_MT874924.1,6598,375
NZ_MT874924.1,6599,375
NZ_MT874924.1,6600,375
NZ_MT874924.1,6601,375
NZ_MT874924.1,6602,375
NZ_MT874924.1,6603,375
NZ_MT874924.1,6604,375
NZ_MT874924.1,6605,375
NZ_MT874924.1,6606,375
NZ_MT874924.1,6607,375
NZ_MT874924.1,6608,375
NZ_MT874924.1,6609,375
NZ_MT874924.1,6610,375
NZ_MT874924.1,6611,375
NZ_MT874924.1,6612,375
NZ_MT874924.1,6613,375
NZ_MT874924.1,6614,375
NZ_MT874924.1,6615,375
NZ_MT874924.1,6616,375
NZ_MT874924.1,6617,373
NZ_MT874924.1,6618,375
NZ_MT874924.1,6619,375
NZ_MT874924.1,6620,375
NZ_MT874924.1,6621,375
NZ_MT874924.1,6622,375
NZ_MT874924.1,6623,375
NZ_MT874924.1,6624,375
NZ_MT874924.1,6625,375
NZ_MT874924.1,6626,375
NZ_MT874924.1,6627,375
NZ_MT874924.1,6628,375
NZ_MT874924.1,6629,375
NZ_MT874924.1,6630,375
NZ_MT874924.1,6631,375
NZ_MT874924.1,6632,375
NZ_MT874924.1,6633,375
NZ_MT874924.1,6634,375
NZ_MT874924.1,6635,375
NZ_MT874924.1,6636,375
NZ_MT874924.1,6637,375
NZ_MT874924.1,6638,375
NZ_MT874924.1,6639,375
NZ_MT874924.1,6640,375
NZ_MT874924.1,6641,375
NZ_MT874924.1,6642,375
NZ_MT874924.1,6643,375
NZ_MT874924.1,6644,375
NZ_MT874924.1,6645,375
NZ_MT874924.1,6646,375
NZ_MT874924.1,6647,375
NZ_MT874924.1,6648,375
NZ_MT874924.1,6649,375
NZ_MT874924.1,6650,375
NZ_MT874924.1,6651,375
NZ_MT874924.1,6652,375
NZ_MT874924.1,6653,375
NZ_MT874924.1,6654,375
NZ_MT874924.1,6655,375
NZ_MT874924.1,6656,375
NZ_MT874924.1,6657,375
NZ_MT874924.1,6658,375
NZ_MT874924.1,6659,375
NZ_MT874924.1,6660,375
NZ_MT874924.1,6661,375
NZ_MT874924.1,6662,375
NZ_MT874924.1,6663,375
NZ_MT874924.1,6664,375
NZ_MT874924.1,6665,375
NZ_MT874924.1,6666,375
NZ_MT874924.1,6667,375
NZ_MT874924.1,6668,375
NZ_MT874924.1,6669,375
NZ_MT874924.1,6670,375
NZ_MT874924.1,6671,375
NZ_MT874924.1,6672,375
NZ_MT874924.1,6673,375
NZ_MT874924.1,6674,375
NZ_MT874924.1,6675,375
NZ_MT874924.1,6676,375
NZ_MT874924.1,6677,375
NZ_MT874924.1,6678,375
NZ_MT874924.1,6679,375
NZ_MT874924.1,6680,375
NZ_MT874924.1,6681,375
NZ_MT874924.1,6682,375
NZ_MT874924.1,6683,375
NZ_MT874924.1,6684,375
NZ_MT874924.1,6685,375
NZ_MT874924.1,6686,375
NZ_MT874924.1,6687,375
NZ_MT874924.1,6688,375
NZ_MT874924.1,6689,375
NZ_MT874924.1,6690,375
NZ_MT874924.1,6691,375
NZ_MT874924.1,6692,375
NZ_MT874924.1,6693,375
NZ_MT874924.1,6694,375
NZ_MT874924.1,6695,375
NZ_MT874924.1,6696,375
NZ_MT874924.1,6697,375
NZ_MT874924.1,6698,375
NZ_MT874924.1,6699,375
NZ_MT874924.1,6700,375
NZ_MT874924.1,6701,375
NZ_MT874924.1,6702,375
NZ_MT874924.1,6703,375
NZ_MT874924.1,6704,375
NZ_MT874924.1,6705,375
NZ_MT874924.1,6706,375
NZ_MT874924.1,6707,375
NZ_MT874924.1,6708,375
NZ_MT874924.1,6709,375
NZ_MT874924.1,6710,375
NZ_MT874924.1,6711,375
NZ_MT874924.1,6712,375
NZ_MT874924.1,6713,375
NZ_MT874924.1,6714,375
NZ_MT874924.1,6715,375
NZ_MT874924.1,6716,375
NZ_MT874924.1,6717,375
NZ_MT874924.1,6718,375
NZ_MT874924.1,6719,375
NZ_MT874924.1,6720,375
NZ_MT874924.1,6721,375
NZ_MT874924.1,6722,375
NZ_MT874924.1,6723,375
NZ_MT874924.1,6724,375
NZ_MT874924.1,6725,375
NZ_MT874924.1,6726,375
NZ_MT874924.1,6727,375
NZ_MT874924.1,6728,375
NZ_MT874924.1,6729,375
NZ_MT874924.1,6730,375
NZ_MT874924.1,6731,375
NZ_MT874924.1,6732,375
NZ_MT874924.1,6733,375
NZ_MT874924.1,6734,375
NZ_MT874924.1,6735,375
NZ_MT874924.1,6736,375
NZ_MT874924.1,6737,375
NZ_MT874924.1,6738,375
NZ_MT874924.1,6739,375
NZ_MT874924.1,6740,375
NZ_MT874924.1,6741,375
NZ_MT874924.1,6742,375
NZ_MT874924.1,6743,375
NZ_MT874924.1,6744,375
NZ_MT874924.1,6745,375
NZ_MT874924.1,6746,375
NZ_MT874924.1,6747,375
NZ_MT874924.1,6748,375
NZ_MT874924.1,6749,375
NZ_MT874924.1,6750,375
NZ_MT874924.1,6751,375
NZ_MT874924.1,6752,375
NZ_MT874924.1,6753,375
NZ_MT874924.1,6754,375
NZ_MT874924.1,6755,375
NZ_MT874924.1,6756,375
NZ_MT874924.1,6757,375
NZ_MT874924.1,6758,375
NZ_MT874924.1,6759,375
NZ_MT874924.1,6760,375
NZ_MT874924.1,6761,375
NZ_MT874924.1,6762,375
NZ_MT874924.1,6763,375
NZ_MT874924.1,6764,375
NZ_MT874924.1,6765,375
NZ_MT874924.1,6766,375
NZ_MT874924.1,6767,375
NZ_MT874924.1,6768,375
NZ_MT874924.1,6769,375
NZ_MT874924.1,6770,375
NZ_MT874924.1,6771,375
NZ_MT874924.1,6772,375
NZ_MT874924.1,6773,375
NZ_MT874924.1,6774,375
NZ_MT874924.1,6775,375
NZ_MT874924.1,6776,375
NZ_MT874924.1,6777,375
NZ_MT874924.1,6778,375
NZ_MT874924.1,6779,375
NZ_MT874924.1,6780,375
NZ_MT874924.1,6781,375
NZ_MT874924.1,6782,375
NZ_MT874924.1,6783,375
NZ_MT874924.1,6784,375
NZ_MT874924.1,6785,375
NZ_MT874924.1,6786,375
NZ_MT874924.1,6787,375
NZ_MT874924.1,6788,375
NZ_MT874924.1,6789,375
NZ_MT874924.1,6790,375
NZ_MT874924.1,6791,375
NZ_MT874924.1,6792,375
NZ_MT874924.1,6793,375
NZ_MT874924.1,6794,375
NZ_MT874924.1,6795,375
NZ_MT874924.1,6796,375
NZ_MT874924.1,6797,375
NZ_MT874924.1,6798,375
NZ_MT874924.1,6799,375
NZ_MT874924.1,6800,375
NZ_MT874924.1,6801,375
NZ_MT874924.1,6802,375
NZ_MT874924.1,6803,375
NZ_MT874924.1,6804,375
NZ_MT874924.1,6805,375
NZ_MT874924.1,6806,375
NZ_MT874924.1,6807,375
NZ_MT874924.1,6808,375
NZ_MT874924.1,6809,375
NZ_MT874924.1,6810,375
NZ_MT874924.1,6811,375
NZ_MT874924.1,6812,375
NZ_MT874924.1,6813,375
NZ_MT874924.1,6814,375
NZ_MT874924.1,6815,375
NZ_MT874924.1,6816,375
NZ_MT874924.1,6817,375
NZ_MT874924.1,6818,375
NZ_MT874924.1,6819,375
NZ_MT874924.1,6820,375
NZ_MT874924.1,6821,375
NZ_MT874924.1,6822,375
NZ_MT874924.1,6823,375
NZ_MT874924.1,6824,375
NZ_MT874924.1,6825,375
NZ_MT874924.1,6826,375
NZ_MT874924.1,6827,375
NZ_MT874924.1,6828,375
NZ_MT874924.1,6829,375
NZ_MT874924.1,6830,375
NZ_MT874924.1,6831,375
NZ_MT874924.1,6832,375
NZ_MT874924.1,6833,375
NZ_MT874924.1,6834,375
NZ_MT874924.1,6835,375
NZ_MT874924.1,6836,375
NZ_MT874924.1,6837,375
NZ_MT874924.1,6838,375
NZ_MT874924.1,6839,375
NZ_MT874924.1,6840,374
NZ_MT874924.1,6841,374
NZ_MT874924.1,6842,374
NZ_MT874924.1,6843,374
NZ_MT874924.1,6844,374
NZ_MT874924.1,6845,374
NZ_MT874924.1,6846,374
NZ_MT874924.1,6847,374
NZ_MT874924.1,6848,373
NZ_MT874924.1,6849,373
NZ_MT874924.1,6850,373
NZ_MT874924.1,6851,373
NZ_MT874924.1,6852,373
NZ_MT874924.1,6853,372
NZ_MT874924.1,6854,372
NZ_MT874924.1,6855,372
NZ_MT874924.1,6856,372
NZ_MT874924.1,6857,372
NZ_MT874924.1,6858,372
NZ_MT874924.1,6859,372
NZ_MT874924.1,6860,371
NZ_MT874924.1,6861,371
NZ_MT874924.1,6862,371
NZ_MT874924.1,6863,370
NZ_MT874924.1,6864,370
NZ_MT874924.1,6865,369
NZ_MT874924.1,6866,369
NZ_MT874924.1,6867,368
NZ_MT874924.1,6868,366
NZ_MT874924.1,6869,366
NZ_MT874924.1,6870,366
NZ_MT874924.1,6871,366
NZ_MT874924.1,6872,366
NZ_MT874924.1,6873,366
NZ_MT874924.1,6874,366
NZ_MT874924.1,6875,366
NZ_MT874924.1,6876,366
NZ_MT874924.1,6877,366
NZ_MT874924.1,6878,366
NZ_MT874924.1,6879,366
NZ_MT874924.1,6880,366
NZ_MT874924.1,6881,368
NZ_MT874924.1,6882,368
NZ_MT874924.1,6883,368
NZ_MT874924.1,6884,368
NZ_MT874924.1,6885,368
NZ_MT874924.1,6886,368
NZ_MT874924.1,6887,359
NZ_MT874924.1,6888,359
NZ_MT874924.1,6889,359
NZ_MT874924.1,6890,359
NZ_MT874924.1,6891,365
NZ_MT874924.1,6892,365
NZ_MT874924.1,6893,365
NZ_MT874924.1,6894,365
NZ_MT874924.1,6895,365
NZ_MT874924.1,6896,365
NZ_MT874924.1,6897,365
NZ_MT874924.1,6898,365
NZ_MT874924.1,6899,365
NZ_MT874924.1,6900,365
NZ_MT874924.1,6901,365
NZ_MT874924.1,6902,365
NZ_MT874924.1,6903,365
NZ_MT874924.1,6904,365
NZ_MT874924.1,6905,365
NZ_MT874924.1,6906,365
NZ_MT874924.1,6907,365
NZ_MT874924.1,6908,365
NZ_MT874924.1,6909,365
NZ_MT874924.1,6910,365
NZ_MT874924.1,6911,365
NZ_MT874924.1,6912,365
NZ_MT874924.1,6913,365
NZ_MT874924.1,6914,365
NZ_MT874924.1,6915,365
NZ_MT874924.1,6916,365
NZ_MT874924.1,6917,365
NZ_MT874924.1,6918,365
NZ_MT874924.1,6919,365
NZ_MT874924.1,6920,365
NZ_MT874924.1,6921,365
NZ_MT874924.1,6922,365
NZ_MT874924.1,6923,365
NZ_MT874924.1,6924,365
NZ_MT874924.1,6925,365
NZ_MT874924.1,6926,365
NZ_MT874924.1,6927,365
NZ_MT874924.1,6928,365
NZ_MT874924.1,6929,365
NZ_MT874924.1,6930,365
NZ_MT874924.1,6931,365
NZ_MT874924.1,6932,365
NZ_MT874924.1,6933,365
NZ_MT874924.1,6934,365
NZ_MT874924.1,6935,365
NZ_MT874924.1,6936,365
NZ_MT874924.1,6937,365
NZ_MT874924.1,6938,365
NZ_MT874924.1,6939,365
NZ_MT874924.1,6940,365
NZ_MT874924.1,6941,365
NZ_MT874924.1,6942,365
NZ_MT874924.1,6943,365
NZ_MT874924.1,6944,365
NZ_MT874924.1,6945,365
NZ_MT874924.1,6946,365
NZ_MT874924.1,6947,365
NZ_MT874924.1,6948,365
NZ_MT874924.1,6949,365
NZ_MT874924.1,6950,365
NZ_MT874924.1,6951,365
NZ_MT874924.1,6952,365
NZ_MT874924.1,6953,365
NZ_MT874924.1,6954,365
NZ_MT874924.1,6955,365
NZ_MT874924.1,6956,365
NZ_MT874924.1,6957,365
NZ_MT874924.1,6958,364
NZ_MT874924.1,6959,364
NZ_MT874924.1,6960,364
NZ_MT874924.1,6961,364
NZ_MT874924.1,6962,364
NZ_MT874924.1,6963,364
NZ_MT874924.1,6964,364
NZ_MT874924.1,6965,364
NZ_MT874924.1,6966,364
NZ_MT874924.1,6967,364
NZ_MT874924.1,6968,364
NZ_MT874924.1,6969,364
NZ_MT874924.1,6970,364
NZ_MT874924.1,6971,363
NZ_MT874924.1,6972,363
NZ_MT874924.1,6973,362
NZ_MT874924.1,6974,362
NZ_MT874924.1,6975,362
NZ_MT874924.1,6976,361
NZ_MT874924.1,6977,361
NZ_MT874924.1,6978,361
NZ_MT874924.1,6979,361
NZ_MT874924.1,6980,361
NZ_MT874924.1,6981,361
NZ_MT874924.1,6982,361
NZ_MT874924.1,6983,361
NZ_MT874924.1,6984,361
NZ_MT874924.1,6985,361
NZ_MT874924.1,6986,361
NZ_MT874924.1,6987,361
NZ_MT874924.1,6988,361
NZ_MT874924.1,6989,361
NZ_MT874924.1,6990,361
NZ_MT874924.1,6991,361
NZ_MT874924.1,6992,361
NZ_MT874924.1,6993,360
NZ_MT874924.1,6994,360
NZ_MT874924.1,6995,360
NZ_MT874924.1,6996,360
NZ_MT874924.1,6997,360
NZ_MT874924.1,6998,360
NZ_MT874924.1,6999,360
NZ_MT874924.1,7000,360
NZ_MT874924.1,7001,360
NZ_MT874924.1,7002,360
NZ_MT874924.1,7003,360
NZ_MT874924.1,7004,360
NZ_MT874924.1,7005,360
NZ_MT874924.1,7006,360
NZ_MT874924.1,7007,360
NZ_MT874924.1,7008,360
NZ_MT874924.1,7009,360
NZ_MT874924.1,7010,360
NZ_MT874924.1,7011,360
NZ_MT874924.1,7012,360
NZ_MT874924.1,7013,360
NZ_MT874924.1,7014,360
NZ_MT874924.1,7015,360
NZ_MT874924.1,7016,360
NZ_MT874924.1,7017,360
NZ_MT874924.1,7018,360
NZ_MT874924.1,7019,360
NZ_MT874924.1,7020,360
NZ_MT874924.1,7021,360
NZ_MT874924.1,7022,360
NZ_MT874924.1,7023,360
NZ_MT874924.1,7024,360
NZ_MT874924.1,7025,360
NZ_MT874924.1,7026,360
NZ_MT874924.1,7027,360
NZ_MT874924.1,7028,360
NZ_MT874924.1,7029,360
NZ_MT874924.1,7030,360
NZ_MT874924.1,7031,360
NZ_MT874924.1,7032,360
NZ_MT874924.1,7033,360
NZ_MT874924.1,7034,360
NZ_MT874924.1,7035,360
NZ_MT874924.1,7036,360
NZ_MT874924.1,7037,360
NZ_MT874924.1,7038,360
NZ_MT874924.1,7039,360
NZ_MT874924.1,7040,360
NZ_MT874924.1,7041,360
NZ_MT874924.1,7042,360
NZ_MT874924.1,7043,360
NZ_MT874924.1,7044,360
NZ_MT874924.1,7045,360
NZ_MT874924.1,7046,360
NZ_MT874924.1,7047,360
NZ_MT874924.1,7048,360
NZ_MT874924.1,7049,360
NZ_MT874924.1,7050,360
NZ_MT874924.1,7051,360
NZ_MT874924.1,7052,360
NZ_MT874924.1,7053,360
NZ_MT874924.1,7054,360
NZ_MT874924.1,7055,360
NZ_MT874924.1,7056,360
NZ_MT874924.1,7057,360
NZ_MT874924.1,7058,360
NZ_MT874924.1,7059,360
NZ_MT874924.1,7060,360
NZ_MT874924.1,7061,360
NZ_MT874924.1,7062,360
NZ_MT874924.1,7063,360
NZ_MT874924.1,7064,360
NZ_MT874924.1,7065,360
NZ_MT874924.1,7066,360
NZ_MT874924.1,7067,360
NZ_MT874924.1,7068,360
NZ_MT874924.1,7069,360
NZ_MT874924.1,7070,360
NZ_MT874924.1,7071,360
NZ_MT874924.1,7072,360
NZ_MT874924.1,7073,360
NZ_MT874924.1,7074,360
NZ_MT874924.1,7075,360
NZ_MT874924.1,7076,360
NZ_MT874924.1,7077,360
NZ_MT874924.1,7078,360
NZ_MT874924.1,7079,360
NZ_MT874924.1,7080,360
NZ_MT874924.1,7081,360
NZ_MT874924.1,7082,360
NZ_MT874924.1,7083,360
NZ_MT874924.1,7084,360
NZ_MT874924.1,7085,360
NZ_MT874924.1,7086,360
NZ_MT874924.1,7087,360
NZ_MT874924.1,7088,360
NZ_MT874924.1,7089,360
NZ_MT874924.1,7090,360
NZ_MT874924.1,7091,360
NZ_MT874924.1,7092,360
NZ_MT874924.1,7093,360
NZ_MT874924.1,7094,360
NZ_MT874924.1,7095,360
NZ_MT874924.1,7096,360
NZ_MT874924.1,7097,360
NZ_MT874924.1,7098,360
NZ_MT874924.1,7099,360
NZ_MT874924.1,7100,360
NZ_MT874924.1,7101,360
NZ_MT874924.1,7102,360
NZ_MT874924.1,7103,360
NZ_MT874924.1,7104,360
NZ_MT874924.1,7105,360
NZ_MT874924.1,7106,360
NZ_MT874924.1,7107,360
NZ_MT874924.1,7108,360
NZ_MT874924.1,7109,360
NZ_MT874924.1,7110,360
NZ_MT874924.1,7111,360
NZ_MT874924.1,7112,360
NZ_MT874924.1,7113,360
NZ_MT874924.1,7114,360
NZ_MT874924.1,7115,360
NZ_MT874924.1,7116,360
NZ_MT874924.1,7117,360
NZ_MT874924.1,7118,360
NZ_MT874924.1,7119,360
NZ_MT874924.1,7120,360
NZ_MT874924.1,7121,360
NZ_MT874924.1,7122,360
NZ_MT874924.1,7123,360
NZ_MT874924.1,7124,360
NZ_MT874924.1,7125,360
NZ_MT874924.1,7126,359
NZ_MT874924.1,7127,359
NZ_MT874924.1,7128,355
NZ_MT874924.1,7129,355
NZ_MT874924.1,7130,355
NZ_MT874924.1,7131,355
NZ_MT874924.1,7132,355
NZ_MT874924.1,7133,355
NZ_MT874924.1,7134,355
NZ_MT874924.1,7135,355
NZ_MT874924.1,7136,355
NZ_MT874924.1,7137,355
NZ_MT874924.1,7138,355
NZ_MT874924.1,7139,355
NZ_MT874924.1,7140,352
NZ_MT874924.1,7141,352
NZ_MT874924.1,7142,352
NZ_MT874924.1,7143,352
NZ_MT874924.1,7144,352
NZ_MT874924.1,7145,352
NZ_MT874924.1,7146,352
NZ_MT874924.1,7147,352
NZ_MT874924.1,7148,352
NZ_MT874924.1,7149,352
NZ_MT874924.1,7150,352
NZ_MT874924.1,7151,352
NZ_MT874924.1,7152,352
NZ_MT874924.1,7153,352
NZ_MT874924.1,7154,352
NZ_MT874924.1,7155,352
NZ_MT874924.1,7156,352
NZ_MT874924.1,7157,352
NZ_MT874924.1,7158,352
NZ_MT874924.1,7159,352
NZ_MT874924.1,7160,352
NZ_MT874924.1,7161,352
NZ_MT874924.1,7162,352
NZ_MT874924.1,7163,352
NZ_MT874924.1,7164,352
NZ_MT874924.1,7165,352
NZ_MT874924.1,7166,352
NZ_MT874924.1,7167,352
NZ_MT874924.1,7168,352
NZ_MT874924.1,7169,352
NZ_MT874924.1,7170,352
NZ_MT874924.1,7171,352
NZ_MT874924.1,7172,352
NZ_MT874924.1,7173,352
NZ_MT874924.1,7174,352
NZ_MT874924.1,7175,352
NZ_MT874924.1,7176,352
NZ_MT874924.1,7177,352
NZ_MT874924.1,7178,352
NZ_MT874924.1,7179,352
NZ_MT874924.1,7180,352
NZ_MT874924.1,7181,352
NZ_MT874924.1,7182,352
NZ_MT874924.1,7183,352
NZ_MT874924.1,7184,352
NZ_MT874924.1,7185,352
NZ_MT874924.1,7186,352
NZ_MT874924.1,7187,352
NZ_MT874924.1,7188,352
NZ_MT874924.1,7189,352
NZ_MT874924.1,7190,352
NZ_MT874924.1,7191,352
NZ_MT874924.1,7192,352
NZ_MT874924.1,7193,352
NZ_MT874924.1,7194,352
NZ_MT874924.1,7195,352
NZ_MT874924.1,7196,352
NZ_MT874924.1,7197,351
NZ_MT874924.1,7198,351
NZ_MT874924.1,7199,351
NZ_MT874924.1,7200,351
NZ_MT874924.1,7201,351
NZ_MT874924.1,7202,351
NZ_MT874924.1,7203,351
NZ_MT874924.1,7204,351
NZ_MT874924.1,7205,351
NZ_MT874924.1,7206,351
NZ_MT874924.1,7207,351
NZ_MT874924.1,7208,351
NZ_MT874924.1,7209,351
NZ_MT874924.1,7210,351
NZ_MT874924.1,7211,351
NZ_MT874924.1,7212,351
NZ_MT874924.1,7213,351
NZ_MT874924.1,7214,351
NZ_MT874924.1,7215,351
NZ_MT874924.1,7216,351
NZ_MT874924.1,7217,351
NZ_MT874924.1,7218,351
NZ_MT874924.1,7219,351
NZ_MT874924.1,7220,351
NZ_MT874924.1,7221,351
NZ_MT874924.1,7222,351
NZ_MT874924.1,7223,351
NZ_MT874924.1,7224,351
NZ_MT874924.1,7225,351
NZ_MT874924.1,7226,351
NZ_MT874924.1,7227,351
NZ_MT874924.1,7228,351
NZ_MT874924.1,7229,350
NZ_MT874924.1,7230,350
NZ_MT874924.1,7231,350
NZ_MT874924.1,7232,350
NZ_MT874924.1,7233,350
NZ_MT874924.1,7234,350
NZ_MT874924.1,7235,350
NZ_MT874924.1,7236,350
NZ_MT874924.1,7237,350
NZ_MT874924.1,7238,350
NZ_MT874924.1,7239,350
NZ_MT874924.1,7240,350
NZ_MT874924.1,7241,350
NZ_MT874924.1,7242,350
NZ_MT874924.1,7243,350
NZ_MT874924.1,7244,350
NZ_MT874924.1,7245,350
NZ_MT874924.1,7246,350
NZ_MT874924.1,7247,350
NZ_MT874924.1,7248,350
NZ_MT874924.1,7249,350
NZ_MT874924.1,7250,350
NZ_MT874924.1,7251,350
NZ_MT874924.1,7252,350
NZ_MT874924.1,7253,350
NZ_MT874924.1,7254,350
NZ_MT874924.1,7255,349
NZ_MT874924.1,7256,348
NZ_MT874924.1,7257,348
NZ_MT874924.1,7258,348
NZ_MT874924.1,7259,348
NZ_MT874924.1,7260,348
NZ_MT874924.1,7261,348
NZ_MT874924.1,7262,348
NZ_MT874924.1,7263,348
NZ_MT874924.1,7264,348
NZ_MT874924.1,7265,348
NZ_MT874924.1,7266,348
NZ_MT874924.1,7267,348
NZ_MT874924.1,7268,348
NZ_MT874924.1,7269,348
NZ_MT874924.1,7270,348
NZ_MT874924.1,7271,348
NZ_MT874924.1,7272,348
NZ_MT874924.1,7273,348
NZ_MT874924.1,7274,348
NZ_MT874924.1,7275,348
NZ_MT874924.1,7276,348
NZ_MT874924.1,7277,348
NZ_MT874924.1,7278,348
NZ_MT874924.1,7279,348
NZ_MT874924.1,7280,348
NZ_MT874924.1,7281,348
NZ_MT874924.1,7282,348
NZ_MT874924.1,7283,348
NZ_MT874924.1,7284,279
NZ_MT874924.1,7285,276
NZ_MT874924.1,7286,269
NZ_MT874924.1,7287,269
NZ_MT874924.1,7288,263
NZ_MT874924.1,7289,253
NZ_MT874924.1,7290,252
NZ_MT874924.1,7291,252
NZ_MT874924.1,7292,252
NZ_MT874924.1,7293,252
NZ_MT874924.1,7294,252
NZ_MT874924.1,7295,252
NZ_MT874924.1,7296,252
NZ_MT874924.1,7297,252
NZ_MT874924.1,7298,252
NZ_MT874924.1,7299,252
NZ_MT874924.1,7300,252
NZ_MT874924.1,7301,252
NZ_MT874924.1,7302,252
NZ_MT874924.1,7303,252
NZ_MT874924.1,7304,252
NZ_MT874924.1,7305,252
NZ_MT874924.1,7306,252
NZ_MT874924.1,7307,252
NZ_MT874924.1,7308,252
NZ_MT874924.1,7309,250
NZ_MT874924.1,7310,250
NZ_MT874924.1,7311,250
NZ_MT874924.1,7312,252
NZ_MT874924.1,7313,252
NZ_MT874924.1,7314,252
NZ_MT874924.1,7315,252
NZ_MT874924.1,7316,252
NZ_MT874924.1,7317,252
NZ_MT874924.1,7318,252
NZ_MT874924.1,7319,252
NZ_MT874924.1,7320,252
NZ_MT874924.1,7321,252
NZ_MT874924.1,7322,252
NZ_MT874924.1,7323,252
NZ_MT874924.1,7324,252
NZ_MT874924.1,7325,252
NZ_MT874924.1,7326,252
NZ_MT874924.1,7327,252
NZ_MT874924.1,7328,252
NZ_MT874924.1,7329,252
NZ_MT874924.1,7330,252
NZ_MT874924.1,7331,252
NZ_MT874924.1,7332,252
NZ_MT874924.1,7333,252
NZ_MT874924.1,7334,252
NZ_MT874924.1,7335,252
NZ_MT874924.1,7336,252
NZ_MT874924.1,7337,252
NZ_MT874924.1,7338,252
NZ_MT874924.1,7339,252
NZ_MT874924.1,7340,252
NZ_MT874924.1,7341,252
NZ_MT874924.1,7342,252
NZ_MT874924.1,7343,252
NZ_MT874924.1,7344,252
NZ_MT874924.1,7345,252
NZ_MT874924.1,7346,252
NZ_MT874924.1,7347,252
NZ_MT874924.1,7348,252
NZ_MT874924.1,7349,252
NZ_MT874924.1,7350,252
NZ_MT874924.1,7351,252
NZ_MT874924.1,7352,252
NZ_MT874924.1,7353,252
NZ_MT874924.1,7354,252
NZ_MT874924.1,7355,252
NZ_MT874924.1,7356,252
NZ_MT874924.1,7357,252
NZ_MT874924.1,7358,252
NZ_MT874924.1,7359,252
NZ_MT874924.1,7360,252
NZ_MT874924.1,7361,252
NZ_MT874924.1,7362,252
NZ_MT874924.1,7363,252
NZ_MT874924.1,7364,252
NZ_MT874924.1,7365,252
NZ_MT874924.1,7366,251
NZ_MT874924.1,7367,251
NZ_MT874924.1,7368,251
NZ_MT874924.1,7369,251
NZ_MT874924.1,7370,251
NZ_MT874924.1,7371,251
NZ_MT874924.1,7372,251
NZ_MT874924.1,7373,251
NZ_MT874924.1,7374,251
NZ_MT874924.1,7375,251
NZ_MT874924.1,7376,251
NZ_MT874924.1,7377,251
NZ_MT874924.1,7378,251
NZ_MT874924.1,7379,251
NZ_MT874924.1,7380,251
NZ_MT874924.1,7381,251
NZ_MT874924.1,7382,251
NZ_MT874924.1,7383,251
NZ_MT874924.1,7384,251
NZ_MT874924.1,7385,251
NZ_MT874924.1,7386,251
NZ_MT874924.1,7387,251
NZ_MT874924.1,7388,251
NZ_MT874924.1,7389,251
NZ_MT874924.1,7390,251
NZ_MT874924.1,7391,251
NZ_MT874924.1,7392,251
NZ_MT874924.1,7393,251
NZ_MT874924.1,7394,251
NZ_MT874924.1,7395,251
NZ_MT874924.1,7396,251
NZ_MT874924.1,7397,251
NZ_MT874924.1,7398,251
NZ_MT874924.1,7399,251
NZ_MT874924.1,7400,251
NZ_MT874924.1,7401,251
NZ_MT874924.1,7402,251
NZ_MT874924.1,7403,251
NZ_MT874924.1,7404,251
NZ_MT874924.1,7405,251
NZ_MT874924.1,7406,251
NZ_MT874924.1,7407,251
NZ_MT874924.1,7408,249
NZ_MT874924.1,7409,251
NZ_MT874924.1,7410,251
NZ_MT874924.1,7411,251
NZ_MT874924.1,7412,251
NZ_MT874924.1,7413,251
NZ_MT874924.1,7414,251
NZ_MT874924.1,7415,251
NZ_MT874924.1,7416,251
NZ_MT874924.1,7417,251
NZ_MT874924.1,7418,251
NZ_MT874924.1,7419,251
NZ_MT874924.1,7420,251
NZ_MT874924.1,7421,251
NZ_MT874924.1,7422,251
NZ_MT874924.1,7423,249
NZ_MT874924.1,7424,251
NZ_MT874924.1,7425,251
NZ_MT874924.1,7426,251
NZ_MT874924.1,7427,251
NZ_MT874924.1,7428,251
NZ_MT874924.1,7429,251
NZ_MT874924.1,7430,251
NZ_MT874924.1,7431,251
NZ_MT874924.1,7432,251
NZ_MT874924.1,7433,251
NZ_MT874924.1,7434,251
NZ_MT874924.1,7435,249
NZ_MT874924.1,7436,251
NZ_MT874924.1,7437,251
NZ_MT874924.1,7438,251
NZ_MT874924.1,7439,251
NZ_MT874924.1,7440,251
NZ_MT874924.1,7441,251
NZ_MT874924.1,7442,251
NZ_MT874924.1,7443,251
NZ_MT874924.1,7444,251
NZ_MT874924.1,7445,251
NZ_MT874924.1,7446,251
NZ_MT874924.1,7447,251
NZ_MT874924.1,7448,249
NZ_MT874924.1,7449,251
NZ_MT874924.1,7450,251
NZ_MT874924.1,7451,251
NZ_MT874924.1,7452,251
NZ_MT874924.1,7453,251
NZ_MT874924.1,7454,251
NZ_MT874924.1,7455,251
NZ_MT874924.1,7456,251
NZ_MT874924.1,7457,251
NZ_MT874924.1,7458,251
NZ_MT874924.1,7459,251
NZ_MT874924.1,7460,251
NZ_MT874924.1,7461,251
NZ_MT874924.1,7462,251
NZ_MT874924.1,7463,251
NZ_MT874924.1,7464,251
NZ_MT874924.1,7465,251
NZ_MT874924.1,7466,251
NZ_MT874924.1,7467,249
NZ_MT874924.1,7468,249
NZ_MT874924.1,7469,249
NZ_MT874924.1,7470,249
NZ_MT874924.1,7471,249
NZ_MT874924.1,7472,249
NZ_MT874924.1,7473,249
NZ_MT874924.1,7474,249
NZ_MT874924.1,7475,249
NZ_MT874924.1,7476,249
NZ_MT874924.1,7477,249
NZ_MT874924.1,7478,249
NZ_MT874924.1,7479,249
NZ_MT874924.1,7480,249
NZ_MT874924.1,7481,249
NZ_MT874924.1,7482,249
NZ_MT874924.1,7483,249
NZ_MT874924.1,7484,249
NZ_MT874924.1,7485,249
NZ_MT874924.1,7486,249
NZ_MT874924.1,7487,249
NZ_MT874924.1,7488,249
NZ_MT874924.1,7489,249
NZ_MT874924.1,7490,249
NZ_MT874924.1,7491,249
NZ_MT874924.1,7492,249
NZ_MT874924.1,7493,249
NZ_MT874924.1,7494,249
NZ_MT874924.1,7495,249
NZ_MT874924.1,7496,249
NZ_MT874924.1,7497,249
NZ_MT874924.1,7498,249
NZ_MT874924.1,7499,249
NZ_MT874924.1,7500,249
NZ_MT874924.1,7501,249
NZ_MT874924.1,7502,249
NZ_MT874924.1,7503,249
NZ_MT874924.1,7504,249
NZ_MT874924.1,7505,249
NZ_MT874924.1,7506,249
NZ_MT874924.1,7507,249
NZ_MT874924.1,7508,249
NZ_MT874924.1,7509,249
NZ_MT874924.1,7510,249
NZ_MT874924.1,7511,249
NZ_MT874924.1,7512,249
NZ_MT874924.1,7513,249
NZ_MT874924.1,7514,249
NZ_MT874924.1,7515,249
NZ_MT874924.1,7516,249
NZ_MT874924.1,7517,249
NZ_MT874924.1,7518,249
NZ_MT874924.1,7519,249
NZ_MT874924.1,7520,249
NZ_MT874924.1,7521,249
NZ_MT874924.1,7522,249
NZ_MT874924.1,7523,249
NZ_MT874924.1,7524,249
NZ_MT874924.1,7525,249
NZ_MT874924.1,7526,249
NZ_MT874924.1,7527,249
NZ_MT874924.1,7528,249
NZ_MT874924.1,7529,249
NZ_MT874924.1,7530,249
NZ_MT874924.1,7531,249
NZ_MT874924.1,7532,249
NZ_MT874924.1,7533,249
NZ_MT874924.1,7534,249
NZ_MT874924.1,7535,249
NZ_MT874924.1,7536,249
NZ_MT874924.1,7537,249
NZ_MT874924.1,7538,249
NZ_MT874924.1,7539,249
NZ_MT874924.1,7540,249
NZ_MT874924.1,7541,249
NZ_MT874924.1,7542,249
NZ_MT874924.1,7543,249
NZ_MT874924.1,7544,249
NZ_MT874924.1,7545,249
NZ_MT874924.1,7546,249
NZ_MT874924.1,7547,249
NZ_MT874924.1,7548,249
NZ_MT874924.1,7549,249
NZ_MT874924.1,7550,249
NZ_MT874924.1,7551,249
NZ_MT874924.1,7552,249
NZ_MT874924.1,7553,249
NZ_MT874924.1,7554,249
NZ_MT874924.1,7555,249
NZ_MT874924.1,7556,249
NZ_MT874924.1,7557,249
NZ_MT874924.1,7558,249
NZ_MT874924.1,7559,249
NZ_MT874924.1,7560,249
NZ_MT874924.1,7561,249
NZ_MT874924.1,7562,249
NZ_MT874924.1,7563,249
NZ_MT874924.1,7564,249
NZ_MT874924.1,7565,249
NZ_MT874924.1,7566,249
NZ_MT874924.1,7567,249
NZ_MT874924.1,7568,249
NZ_MT874924.1,7569,249
NZ_MT874924.1,7570,249
NZ_MT874924.1,7571,249
NZ_MT874924.1,7572,249
NZ_MT874924.1,7573,249
NZ_MT874924.1,7574,249
NZ_MT874924.1,7575,249
NZ_MT874924.1,7576,249
NZ_MT874924.1,7577,249
NZ_MT874924.1,7578,249
NZ_MT874924.1,7579,249
NZ_MT874924.1,7580,249
NZ_MT874924.1,7581,249
NZ_MT874924.1,7582,249
NZ_MT874924.1,7583,249
NZ_MT874924.1,7584,249
NZ_MT874924.1,7585,249
NZ_MT874924.1,7586,249
NZ_MT874924.1,7587,249
NZ_MT874924.1,7588,249
NZ_MT874924.1,7589,249
NZ_MT874924.1,7590,249
NZ_MT874924.1,7591,249
NZ_MT874924.1,7592,249
NZ_MT874924.1,7593,249
NZ_MT874924.1,7594,249
NZ_MT874924.1,7595,249
NZ_MT874924.1,7596,249
NZ_MT874924.1,7597,249
NZ_MT874924.1,7598,249
NZ_MT874924.1,7599,249
NZ_MT874924.1,7600,249
NZ_MT874924.1,7601,249
NZ_MT874924.1,7602,249
NZ_MT874924.1,7603,249
NZ_MT874924.1,7604,249
NZ_MT874924.1,7605,249
NZ_MT874924.1,7606,249
NZ_MT874924.1,7607,249
NZ_MT874924.1,7608,249
NZ_MT874924.1,7609,249
NZ_MT874924.1,7610,249
NZ_MT874924.1,7611,249
NZ_MT874924.1,7612,249
NZ_MT874924.1,7613,249
NZ_MT874924.1,7614,249
NZ_MT874924.1,7615,249
NZ_MT874924.1,7616,249
NZ_MT874924.1,7617,249
NZ_MT874924.1,7618,249
NZ_MT874924.1,7619,249
NZ_MT874924.1,7620,249
NZ_MT874924.1,7621,249
NZ_MT874924.1,7622,249
NZ_MT874924.1,7623,249
NZ_MT874924.1,7624,249
NZ_MT874924.1,7625,249
NZ_MT874924.1,7626,249
NZ_MT874924.1,7627,249
NZ_MT874924.1,7628,249
NZ_MT874924.1,7629,249
NZ_MT874924.1,7630,249
NZ_MT874924.1,7631,249
NZ_MT874924.1,7632,249
NZ_MT874924.1,7633,249
NZ_MT874924.1,7634,249
NZ_MT874924.1,7635,249
NZ_MT874924.1,7636,249
NZ_MT874924.1,7637,249
NZ_MT874924.1,7638,249
NZ_MT874924.1,7639,249
NZ_MT874924.1,7640,249
NZ_MT874924.1,7641,249
NZ_MT874924.1,7642,249
NZ_MT874924.1,7643,249
NZ_MT874924.1,7644,249
NZ_MT874924.1,7645,249
NZ_MT874924.1,7646,249
NZ_MT874924.1,7647,249
NZ_MT874924.1,7648,249
NZ_MT874924.1,7649,249
NZ_MT874924.1,7650,249
NZ_MT874924.1,7651,249
NZ_MT874924.1,7652,249
NZ_MT874924.1,7653,249
NZ_MT874924.1,7654,249
NZ_MT874924.1,7655,249
NZ_MT874924.1,7656,249
NZ_MT874924.1,7657,249
NZ_MT874924.1,7658,249
NZ_MT874924.1,7659,249
NZ_MT874924.1,7660,249
NZ_MT874924.1,7661,249
NZ_MT874924.1,7662,249
NZ_MT874924.1,7663,249
NZ_MT874924.1,7664,249
NZ_MT874924.1,7665,249
NZ_MT874924.1,7666,249
NZ_MT874924.1,7667,249
NZ_MT874924.1,7668,249
NZ_MT874924.1,7669,249
NZ_MT874924.1,7670,249
NZ_MT874924.1,7671,249
NZ_MT874924.1,7672,249
NZ_MT874924.1,7673,249
NZ_MT874924.1,7674,249
NZ_MT874924.1,7675,249
NZ_MT874924.1,7676,249
NZ_MT874924.1,7677,249
NZ_MT874924.1,7678,249
NZ_MT874924.1,7679,249
NZ_MT874924.1,7680,249
NZ_MT874924.1,7681,249
NZ_MT874924.1,7682,249
NZ_MT874924.1,7683,249
NZ_MT874924.1,7684,249
NZ_MT874924.1,7685,249
NZ_MT874924.1,7686,249
NZ_MT874924.1,7687,249
NZ_MT874924.1,7688,249
NZ_MT874924.1,7689,249
NZ_MT874924.1,7690,249
NZ_MT874924.1,7691,249
NZ_MT874924.1,7692,249
NZ_MT874924.1,7693,249
NZ_MT874924.1,7694,249
NZ_MT874924.1,7695,249
NZ_MT874924.1,7696,249
NZ_MT874924.1,7697,249
NZ_MT874924.1,7698,249
NZ_MT874924.1,7699,249
NZ_MT874924.1,7700,249
NZ_MT874924.1,7701,249
NZ_MT874924.1,7702,249
NZ_MT874924.1,7703,249
NZ_MT874924.1,7704,249
NZ_MT874924.1,7705,249
NZ_MT874924.1,7706,249
NZ_MT874924.1,7707,249
NZ_MT874924.1,7708,249
NZ_MT874924.1,7709,249
NZ_MT874924.1,7710,249
NZ_MT874924.1,7711,249
NZ_MT874924.1,7712,249
NZ_MT874924.1,7713,249
NZ_MT874924.1,7714,249
NZ_MT874924.1,7715,249
NZ_MT874924.1,7716,249
NZ_MT874924.1,7717,249
NZ_MT874924.1,7718,249
NZ_MT874924.1,7719,249
NZ_MT874924.1,7720,249
NZ_MT874924.1,7721,249
NZ_MT874924.1,7722,249
NZ_MT874924.1,7723,249
NZ_MT874924.1,7724,249
NZ_MT874924.1,7725,249
NZ_MT874924.1,7726,249
NZ_MT874924.1,7727,249
NZ_MT874924.1,7728,249
NZ_MT874924.1,7729,249
NZ_MT874924.1,7730,249
NZ_MT874924.1,7731,249
NZ_MT874924.1,7732,249
NZ_MT874924.1,7733,249
NZ_MT874924.1,7734,249
NZ_MT874924.1,7735,249
NZ_MT874924.1,7736,249
NZ_MT874924.1,7737,249
NZ_MT874924.1,7738,249
NZ_MT874924.1,7739,249
NZ_MT874924.1,7740,249
NZ_MT874924.1,7741,249
NZ_MT874924.1,7742,249
NZ_MT874924.1,7743,249
NZ_MT874924.1,7744,249
NZ_MT874924.1,7745,249
NZ_MT874924.1,7746,249
NZ_MT874924.1,7747,249
NZ_MT874924.1,7748,249
NZ_MT874924.1,7749,249
NZ_MT874924.1,7750,249
NZ_MT874924.1,7751,249
NZ_MT874924.1,7752,249
NZ_MT874924.1,7753,249
NZ_MT874924.1,7754,249
NZ_MT874924.1,7755,249
NZ_MT874924.1,7756,249
NZ_MT874924.1,7757,249
NZ_MT874924.1,7758,249
NZ_MT874924.1,7759,249
NZ_MT874924.1,7760,249
NZ_MT874924.1,7761,249
NZ_MT874924.1,7762,249
NZ_MT874924.1,7763,249
NZ_MT874924.1,7764,249
NZ_MT874924.1,7765,249
NZ_MT874924.1,7766,249
NZ_MT874924.1,7767,249
NZ_MT874924.1,7768,249
NZ_MT874924.1,7769,249
NZ_MT874924.1,7770,249
NZ_MT874924.1,7771,249
NZ_MT874924.1,7772,249
NZ_MT874924.1,7773,249
NZ_MT874924.1,7774,249
NZ_MT874924.1,7775,249
NZ_MT874924.1,7776,249
NZ_MT874924.1,7777,249
NZ_MT874924.1,7778,249
NZ_MT874924.1,7779,174
NZ_MT874924.1,7780,174
NZ_MT874924.1,7781,174
NZ_MT874924.1,7782,174
NZ_MT874924.1,7783,174
NZ_MT874924.1,7784,174
NZ_MT874924.1,7785,174
NZ_MT874924.1,7786,174
NZ_MT874924.1,7787,174
NZ_MT874924.1,7788,174
NZ_MT874924.1,7789,174
NZ_MT874924.1,7790,174
NZ_MT874924.1,7791,174
NZ_MT874924.1,7792,174
NZ_MT874924.1,7793,174
NZ_MT874924.1,7794,174
NZ_MT874924.1,7795,174
NZ_MT874924.1,7796,174
NZ_MT874924.1,7797,174
NZ_MT874924.1,7798,174
NZ_MT874924.1,7799,174
NZ_MT874924.1,7800,174
NZ_MT874924.1,7801,174
NZ_MT874924.1,7802,174
NZ_MT874924.1,7803,174
NZ_MT874924.1,7804,174
NZ_MT874924.1,7805,174
NZ_MT874924.1,7806,174
NZ_MT874924.1,7807,174
NZ_MT874924.1,7808,174
NZ_MT874924.1,7809,174
NZ_MT874924.1,7810,174
NZ_MT874924.1,7811,174
NZ_MT874924.1,7812,174
NZ_MT874924.1,7813,174
NZ_MT874924.1,7814,174
NZ_MT874924.1,7815,174
NZ_MT874924.1,7816,174
NZ_MT874924.1,7817,174
NZ_MT874924.1,7818,174
NZ_MT874924.1,7819,174
NZ_MT874924.1,7820,174
NZ_MT874924.1,7821,174
NZ_MT874924.1,7822,174
NZ_MT874924.1,7823,174
NZ_MT874924.1,7824,174
NZ_MT874924.1,7825,174
NZ_MT874924.1,7826,174
NZ_MT874924.1,7827,174
NZ_MT874924.1,7828,174
NZ_MT874924.1,7829,174
NZ_MT874924.1,7830,174
NZ_MT874924.1,7831,174
NZ_MT874924.1,7832,174
NZ_MT874924.1,7833,174
NZ_MT874924.1,7834,174
NZ_MT874924.1,7835,174
NZ_MT874924.1,7836,174
NZ_MT874924.1,7837,174
NZ_MT874924.1,7838,174
NZ_MT874924.1,7839,174
NZ_MT874924.1,7840,174
NZ_MT874924.1,7841,174
NZ_MT874924.1,7842,174
NZ_MT874924.1,7843,174
NZ_MT874924.1,7844,174
NZ_MT874924.1,7845,174
NZ_MT874924.1,7846,174
NZ_MT874924.1,7847,174
NZ_MT874924.1,7848,174
NZ_MT874924.1,7849,174
NZ_MT874924.1,7850,174
NZ_MT874924.1,7851,174
NZ_MT874924.1,7852,174
NZ_MT874924.1,7853,174
NZ_MT874924.1,7854,174
NZ_MT874924.1,7855,174
NZ_MT874924.1,7856,174
NZ_MT874924.1,7857,174
NZ_MT874924.1,7858,174
NZ_MT874924.1,7859,174
NZ_MT874924.1,7860,174
NZ_MT874924.1,7861,174
NZ_MT874924.1,7862,174
NZ_MT874924.1,7863,174
NZ_MT874924.1,7864,174
NZ_MT874924.1,7865,174
NZ_MT874924.1,7866,174
NZ_MT874924.1,7867,174
NZ_MT874924.1,7868,174
NZ_MT874924.1,7869,174
NZ_MT874924.1,7870,174
NZ_MT874924.1,7871,174
NZ_MT874924.1,7872,174
NZ_MT874924.1,7873,174
NZ_MT874924.1,7874,174
NZ_MT874924.1,7875,174
NZ_MT874924.1,7876,174
NZ_MT874924.1,7877,174
NZ_MT874924.1,7878,174
NZ_MT874924.1,7879,174
NZ_MT874924.1,7880,174
NZ_MT874924.1,7881,174
NZ_MT874924.1,7882,174
NZ_MT874924.1,7883,174
NZ_MT874924.1,7884,174
NZ_MT874924.1,7885,174
NZ_MT874924.1,7886,174
NZ_MT874924.1,7887,174
NZ_MT874924.1,7888,174
NZ_MT874924.1,7889,174
NZ_MT874924.1,7890,174
NZ_MT874924.1,7891,174
NZ_MT874924.1,7892,174
NZ_MT874924.1,7893,174
NZ_MT874924.1,7894,174
NZ_MT874924.1,7895,174
NZ_MT874924.1,7896,174
NZ_MT874924.1,7897,174
NZ_MT874924.1,7898,174
NZ_MT874924.1,7899,174
NZ_MT874924.1,7900,174
NZ_MT874924.1,7901,174
NZ_MT874924.1,7902,174
NZ_MT874924.1,7903,174
NZ_MT874924.1,7904,174
NZ_MT874924.1,7905,174
NZ_MT874924.1,7906,174
NZ_MT874924.1,7907,174
NZ_MT874924.1,7908,174
NZ_MT874924.1,7909,174
NZ_MT874924.1,7910,174
NZ_MT874924.1,7911,174
NZ_MT874924.1,7912,174
NZ_MT874924.1,7913,174
NZ_MT874924.1,7914,174
NZ_MT874924.1,7915,174
NZ_MT874924.1,7916,174
NZ_MT874924.1,7917,174
NZ_MT874924.1,7918,174
NZ_MT874924.1,7919,174
NZ_MT874924.1,7920,174
NZ_MT874924.1,7921,174
NZ_MT874924.1,7922,174
NZ_MT874924.1,7923,174
NZ_MT874924.1,7924,174
NZ_MT874924.1,7925,174
NZ_MT874924.1,7926,174
NZ_MT874924.1,7927,174
NZ_MT874924.1,7928,174
NZ_MT874924.1,7929,174
NZ_MT874924.1,7930,174
NZ_MT874924.1,7931,174
NZ_MT874924.1,7932,174
NZ_MT874924.1,7933,174
NZ_MT874924.1,7934,174
NZ_MT874924.1,7935,174
NZ_MT874924.1,7936,174
NZ_MT874924.1,7937,174
NZ_MT874924.1,7938,174
NZ_MT874924.1,7939,174
NZ_MT874924.1,7940,174
NZ_MT874924.1,7941,174
NZ_MT874924.1,7942,174
NZ_MT874924.1,7943,174
NZ_MT874924.1,7944,174
NZ_MT874924.1,7945,174
NZ_MT874924.1,7946,174
NZ_MT874924.1,7947,174
NZ_MT874924.1,7948,174
NZ_MT874924.1,7949,174
NZ_MT874924.1,7950,174
NZ_MT874924.1,7951,174
NZ_MT874924.1,7952,174
NZ_MT874924.1,7953,174
NZ_MT874924.1,7954,174
NZ_MT874924.1,7955,174
NZ_MT874924.1,7956,174
NZ_MT874924.1,7957,174
NZ_MT874924.1,7958,174
NZ_MT874924.1,7959,174
NZ_MT874924.1,7960,174
NZ_MT874924.1,7961,174
NZ_MT874924.1,7962,174
NZ_MT874924.1,7963,174
NZ_MT874924.1,7964,174
NZ_MT874924.1,7965,174
NZ_MT874924.1,7966,174
NZ_MT874924.1,7967,174
NZ_MT874924.1,7968,174
NZ_MT874924.1,7969,174
NZ_MT874924.1,7970,174
NZ_MT874924.1,7971,174
NZ_MT874924.1,7972,174
NZ_MT874924.1,7973,174
NZ_MT874924.1,7974,174
NZ_MT874924.1,7975,174
NZ_MT874924.1,7976,174
NZ_MT874924.1,7977,174
NZ_MT874924.1,7978,174
NZ_MT874924.1,7979,174
NZ_MT874924.1,7980,174
NZ_MT874924.1,7981,174
NZ_MT874924.1,7982,174
NZ_MT874924.1,7983,174
NZ_MT874924.1,7984,174
NZ_MT874924.1,7985,174
NZ_MT874924.1,7986,174
NZ_MT874924.1,7987,174
NZ_MT874924.1,7988,174
NZ_MT874924.1,7989,174
NZ_MT874924.1,7990,174
NZ_MT874924.1,7991,174
NZ_MT874924.1,7992,174
NZ_MT874924.1,7993,174
NZ_MT874924.1,7994,174
NZ_MT874924.1,7995,174
NZ_MT874924.1,7996,174
NZ_MT874924.1,7997,174
NZ_MT874924.1,7998,174
NZ_MT874924.1,7999,174
NZ_MT874924.1,8000,174
NZ_MT874924.1,8001,174
NZ_MT874924.1,8002,174
NZ_MT874924.1,8003,174
NZ_MT874924.1,8004,174
NZ_MT874924.1,8005,174
NZ_MT874924.1,8006,174
NZ_MT874924.1,8007,174
NZ_MT874924.1,8008,174
NZ_MT874924.1,8009,174
NZ_MT874924.1,8010,174
NZ_MT874924.1,8011,174
NZ_MT874924.1,8012,174
NZ_MT874924.1,8013,174
NZ_MT874924.1,8014,174
NZ_MT874924.1,8015,174
NZ_MT874924.1,8016,174
NZ_MT874924.1,8017,174
NZ_MT874924.1,8018,174
NZ_MT874924.1,8019,174
NZ_MT874924.1,8020,174
NZ_MT874924.1,8021,174
NZ_MT874924.1,8022,174
NZ_MT874924.1,8023,174
NZ_MT874924.1,8024,174
NZ_MT874924.1,8025,174
NZ_MT874924.1,8026,174
NZ_MT874924.1,8027,174
NZ_MT874924.1,8028,174
NZ_MT874924.1,8029,174
NZ_MT874924.1,8030,174
NZ_MT874924.1,8031,174
NZ_MT874924.1,8032,174
NZ_MT874924.1,8033,174
NZ_MT874924.1,8034,174
NZ_MT874924.1,8035,174
NZ_MT874924.1,8036,174
NZ_MT874924.1,8037,174
NZ_MT874924.1,8038,174
NZ_MT874924.1,8039,174
NZ_MT874924.1,8040,174
NZ_MT874924.1,8041,174
NZ_MT874924.1,8042,174
NZ_MT874924.1,8043,174
NZ_MT874924.1,8044,174
NZ_MT874924.1,8045,174
NZ_MT874924.1,8046,174
NZ_MT874924.1,8047,174
NZ_MT874924.1,8048,174
NZ_MT874924.1,8049,174
NZ_MT874924.1,8050,174
NZ_MT874924.1,8051,174
NZ_MT874924.1,8052,166
NZ_MT874924.1,8053,166
NZ_MT874924.1,8054,166
NZ_MT874924.1,8055,166
NZ_MT874924.1,8056,166
NZ_MT874924.1,8057,166
NZ_MT874924.1,8058,166
NZ_MT874924.1,8059,166
NZ_MT874924.1,8060,166
NZ_MT874924.1,8061,166
NZ_MT874924.1,8062,166
NZ_MT874924.1,8063,166
NZ_MT874924.1,8064,166
NZ_MT874924.1,8065,166
NZ_MT874924.1,8066,166
NZ_MT874924.1,8067,166
NZ_MT874924.1,8068,166
NZ_MT874924.1,8069,166
NZ_MT874924.1,8070,166
NZ_MT874924.1,8071,166
NZ_MT874924.1,8072,166
NZ_MT874924.1,8073,166
NZ_MT874924.1,8074,166
NZ_MT874924.1,8075,166
NZ_MT874924.1,8076,166
NZ_MT874924.1,8077,166
NZ_MT874924.1,8078,166
NZ_MT874924.1,8079,166
NZ_MT874924.1,8080,166
NZ_MT874924.1,8081,166
NZ_MT874924.1,8082,166
NZ_MT874924.1,8083,166
NZ_MT874924.1,8084,166
NZ_MT874924.1,8085,166
NZ_MT874924.1,8086,166
NZ_MT874924.1,8087,166
NZ_MT874924.1,8088,166
NZ_MT874924.1,8089,166
NZ_MT874924.1,8090,166
NZ_MT874924.1,8091,166
NZ_MT874924.1,8092,166
NZ_MT874924.1,8093,166
NZ_MT874924.1,8094,166
NZ_MT874924.1,8095,166
NZ_MT874924.1,8096,166
NZ_MT874924.1,8097,159
NZ_MT874924.1,8098,159
NZ_MT874924.1,8099,159
NZ_MT874924.1,8100,159
NZ_MT874924.1,8101,159
NZ_MT874924.1,8102,159
NZ_MT874924.1,8103,159
NZ_MT874924.1,8104,159
NZ_MT874924.1,8105,159
NZ_MT874924.1,8106,159
NZ_MT874924.1,8107,159
NZ_MT874924.1,8108,159
NZ_MT874924.1,8109,159
NZ_MT874924.1,8110,159
NZ_MT874924.1,8111,159
NZ_MT874924.1,8112,159
NZ_MT874924.1,8113,159
NZ_MT874924.1,8114,159
NZ_MT874924.1,8115,159
NZ_MT874924.1,8116,159
NZ_MT874924.1,8117,159
NZ_MT874924.1,8118,159
NZ_MT874924.1,8119,159
NZ_MT874924.1,8120,159
NZ_MT874924.1,8121,159
NZ_MT874924.1,8122,159
NZ_MT874924.1,8123,159
NZ_MT874924.1,8124,158
NZ_MT874924.1,8125,158
NZ_MT874924.1,8126,158
NZ_MT874924.1,8127,158
NZ_MT874924.1,8128,158
NZ_MT874924.1,8129,158
NZ_MT874924.1,8130,158
NZ_MT874924.1,8131,158
NZ_MT874924.1,8132,158
NZ_MT874924.1,8133,158
NZ_MT874924.1,8134,158
NZ_MT874924.1,8135,158
NZ_MT874924.1,8136,158
NZ_MT874924.1,8137,158
NZ_MT874924.1,8138,158
NZ_MT874924.1,8139,158
NZ_MT874924.1,8140,158
NZ_MT874924.1,8141,158
NZ_MT874924.1,8142,158
NZ_MT874924.1,8143,158
NZ_MT874924.1,8144,158
NZ_MT874924.1,8145,158
NZ_MT874924.1,8146,158
NZ_MT874924.1,8147,158
NZ_MT874924.1,8148,158
NZ_MT874924.1,8149,158
NZ_MT874924.1,8150,158
NZ_MT874924.1,8151,158
NZ_MT874924.1,8152,158
NZ_MT874924.1,8153,158
NZ_MT874924.1,8154,158
NZ_MT874924.1,8155,158
NZ_MT874924.1,8156,158
NZ_MT874924.1,8157,158
NZ_MT874924.1,8158,158
NZ_MT874924.1,8159,158
NZ_MT874924.1,8160,158
NZ_MT874924.1,8161,158
NZ_MT874924.1,8162,158
NZ_MT874924.1,8163,158
NZ_MT874924.1,8164,158
NZ_MT874924.1,8165,158
NZ_MT874924.1,8166,158
NZ_MT874924.1,8167,158
NZ_MT874924.1,8168,158
NZ_MT874924.1,8169,158
NZ_MT874924.1,8170,158
NZ_MT874924.1,8171,158
NZ_MT874924.1,8172,158
NZ_MT874924.1,8173,158
NZ_MT874924.1,8174,158
NZ_MT874924.1,8175,158
NZ_MT874924.1,8176,158
NZ_MT874924.1,8177,158
NZ_MT874924.1,8178,158
NZ_MT874924.1,8179,158
NZ_MT874924.1,8180,158
NZ_MT874924.1,8181,158
NZ_MT874924.1,8182,158
NZ_MT874924.1,8183,158
NZ_MT874924.1,8184,158
NZ_MT874924.1,8185,158
NZ_MT874924.1,8186,158
NZ_MT874924.1,8187,158
NZ_MT874924.1,8188,158
NZ_MT874924.1,8189,158
NZ_MT874924.1,8190,158
NZ_MT874924.1,8191,158
NZ_MT874924.1,8192,158
NZ_MT874924.1,8193,158
NZ_MT874924.1,8194,158
NZ_MT874924.1,8195,158
NZ_MT874924.1,8196,158
NZ_MT874924.1,8197,158
NZ_MT874924.1,8198,158
NZ_MT874924.1,8199,158
NZ_MT874924.1,8200,158
NZ_MT874924.1,8201,158
NZ_MT874924.1,8202,158
NZ_MT874924.1,8203,158
NZ_MT874924.1,8204,158
NZ_MT874924.1,8205,158
NZ_MT874924.1,8206,158
NZ_MT874924.1,8207,158
NZ_MT874924.1,8208,158
NZ_MT874924.1,8209,156
NZ_MT874924.1,8210,156
NZ_MT874924.1,8211,156
NZ_MT874924.1,8212,156
NZ_MT874924.1,8213,156
NZ_MT874924.1,8214,156
NZ_MT874924.1,8215,156
NZ_MT874924.1,8216,155
NZ_MT874924.1,8217,155
NZ_MT874924.1,8218,155
NZ_MT874924.1,8219,155
NZ_MT874924.1,8220,155
NZ_MT874924.1,8221,155
NZ_MT874924.1,8222,155
NZ_MT874924.1,8223,155
NZ_MT874924.1,8224,155
NZ_MT874924.1,8225,155
NZ_MT874924.1,8226,156
NZ_MT874924.1,8227,156
NZ_MT874924.1,8228,156
NZ_MT874924.1,8229,157
NZ_MT874924.1,8230,157
NZ_MT874924.1,8231,159
NZ_MT874924.1,8232,160
NZ_MT874924.1,8233,162
NZ_MT874924.1,8234,162
NZ_MT874924.1,8235,163
NZ_MT874924.1,8236,165
NZ_MT874924.1,8237,165
NZ_MT874924.1,8238,167
NZ_MT874924.1,8239,172
NZ_MT874924.1,8240,176
NZ_MT874924.1,8241,181
NZ_MT874924.1,8242,186
NZ_MT874924.1,8243,120
NZ_MT874924.1,8244,120
NZ_MT874924.1,8245,120
NZ_MT874924.1,8246,120
NZ_MT874924.1,8247,120
NZ_MT874924.1,8248,120
NZ_MT874924.1,8249,120
NZ_MT874924.1,8250,120
NZ_MT874924.1,8251,120
NZ_MT874924.1,8252,120
NZ_MT874924.1,8253,120
NZ_MT874924.1,8254,120
NZ_MT874924.1,8255,120
NZ_MT874924.1,8256,120
NZ_MT874924.1,8257,120
NZ_MT874924.1,8258,120
NZ_MT874924.1,8259,120
NZ_MT874924.1,8260,120
NZ_MT874924.1,8261,119
NZ_MT874924.1,8262,119
NZ_MT874924.1,8263,119
NZ_MT874924.1,8264,119
NZ_MT874924.1,8265,119
NZ_MT874924.1,8266,119
NZ_MT874924.1,8267,119
NZ_MT874924.1,8268,119
NZ_MT874924.1,8269,119
NZ_MT874924.1,8270,119
NZ_MT874924.1,8271,119
NZ_MT874924.1,8272,119
NZ_MT874924.1,8273,119
NZ_MT874924.1,8274,119
NZ_MT874924.1,8275,119
NZ_MT874924.1,8276,119
NZ_MT874924.1,8277,119
NZ_MT874924.1,8278,118
NZ_MT874924.1,8279,118
NZ_MT874924.1,8280,117
NZ_MT874924.1,8281,114
NZ_MT874924.1,8282,114
NZ_MT874924.1,8283,114
NZ_MT874924.1,8284,114
NZ_MT874924.1,8285,114
NZ_MT874924.1,8286,114
NZ_MT874924.1,8287,114
NZ_MT874924.1,8288,114
NZ_MT874924.1,8289,114
NZ_MT874924.1,8290,114
NZ_MT874924.1,8291,114
NZ_MT874924.1,8292,114
NZ_MT874924.1,8293,114
NZ_MT874924.1,8294,114
NZ_MT874924.1,8295,114
NZ_MT874924.1,8296,114
NZ_MT874924.1,8297,114
NZ_MT874924.1,8298,114
NZ_MT874924.1,8299,114
NZ_MT874924.1,8300,114
NZ_MT874924.1,8301,114
NZ_MT874924.1,8302,114
NZ_MT874924.1,8303,114
NZ_MT874924.1,8304,114
NZ_MT874924.1,8305,114
NZ_MT874924.1,8306,114
NZ_MT874924.1,8307,114
NZ_MT874924.1,8308,114
NZ_MT874924.1,8309,114
NZ_MT874924.1,8310,114
NZ_MT874924.1,8311,114
NZ_MT874924.1,8312,114
NZ_MT874924.1,8313,114
NZ_MT874924.1,8314,114
NZ_MT874924.1,8315,113
NZ_MT874924.1,8316,113
NZ_MT874924.1,8317,113
NZ_MT874924.1,8318,111
NZ_MT874924.1,8319,107
NZ_MT874924.1,8320,90
NZ_MT874924.1,8321,90
NZ_MT874924.1,8322,90
NZ_MT874924.1,8323,90
NZ_MT874924.1,8324,88
NZ_MT874924.1,8325,88
NZ_MT874924.1,8326,88
NZ_MT874924.1,8327,88
NZ_MT874924.1,8328,88
NZ_MT874924.1,8329,88
NZ_MT874924.1,8330,88
NZ_MT874924.1,8331,88
NZ_MT874924.1,8332,88
NZ_MT874924.1,8333,88
NZ_MT874924.1,8334,88
NZ_MT874924.1,8335,88
NZ_MT874924.1,8336,88
NZ_MT874924.1,8337,88
NZ_MT874924.1,8338,86
NZ_MT874924.1,8339,86
NZ_MT874924.1,8340,86
NZ_MT874924.1,8341,86
NZ_MT874924.1,8342,84
NZ_MT874924.1,8343,84
NZ_MT874924.1,8344,84
NZ_MT874924.1,8345,84
NZ_MT874924.1,8346,84
NZ_MT874924.1,8347,84
NZ_MT874924.1,8348,84
NZ_MT874924.1,8349,84
NZ_MT874924.1,8350,84
NZ_MT874924.1,8351,84
NZ_MT874924.1,8352,82
NZ_MT874924.1,8353,80
NZ_MT874924.1,8354,77
NZ_MT874924.1,8355,77
NZ_MT874924.1,8356,77
NZ_MT874924.1,8357,77